cluster_hclust,cluster_hclust,module_size,member,mean_expr,peakpos_mean,peakpos_std
1,1,288,"['Gtf3c3' 'Nhej1' 'Coq10b' 'Cyp20a1' 'Stk11ip' 'Fbxo36' 'Gigyf2' 'Dusp28'
 '3110009E18Rik' 'Yod1' 'Cyb5r1' 'Gm2000' 'Ccdc181' 'Aldh9a1' 'Dedd'
 'Amd1' 'Ddt' 'Rrp1' 'Prss57' 'Rab5b' 'Gm10273' 'Palm' 'Izumo4' 'Dot1l'
 'Ccdc59' 'Chac2' 'Itk' 'Rmnd5b' 'Zswim7' 'Ndel1' 'Mpdu1' '6330403K07Rik'
 'Srr' 'Gosr1' 'Pctp' 'Snx11' 'Fbxl20' 'Strada' 'Wipi1' 'Nat9' 'Nt5c'
 'Jmjd6' 'Cant1' 'Csnk1d' 'Ogfod3' 'Thoc5' 'Ogdh' 'Psme4' 'Mpg' 'Aff4'
 'Hist3h2ba' 'Tnfrsf13b' 'Stx8' 'Mis12' 'Socs7' 'Hmga1b' 'Gps1' 'Cbll1'
 '9130015A21Rik' 'Entpd5' 'Acyp1' 'Sptlc2' 'Dicer1' 'Akt1' 'Wdr60' 'Ddx41'
 'Cox7c' 'Iqgap2' 'Zfp131' 'Vps41' 'Hist1h3g' 'Ripk1' 'Syk' 'Idnk'
 'Col4a3bp' 'Ercc8' 'Dhx29' 'Mapk8' 'Ap1g2' 'Mcpt8' 'Micu2' 'Fdft1'
 'R3hcc1' 'Diaph3' 'Dis3' 'Ngly1' 'Fut11' 'Rft1' 'Arhgef40' 'Pibf1'
 'Slc25a17' 'Ttll1' 'Brd1' 'Rabl2' 'Fmnl3' 'Amacr' 'Fam173b' 'Ebag9'
 'Mtbp' 'Tbc1d22a' 'Zbed4' 'Pam16' 'Pi4ka' 'Tbccd1' 'Nit2' 'Atp5o-1'
 'Setd4' 'Bfar' 'Dgcr6' 'Txnrd2' 'Ufd1' 'Kpna1' 'Elob' 'Hnrnpm' 'Csnk2b'
 'Rpp21' 'Znrd1' 'Rrp36' 'Gpr108' 'Prepl' 'Rab44' 'Tbc1d22b' 'Ndufa7'
 'Mdc1' 'Ccdc94' 'Washc1' 'Ino80c' 'Sra1' 'Pggt1b' 'Ptpn2' 'Svil' 'Rnf125'
 'Dym' 'Ier3ip1' 'Gstp1' 'Rom1' 'Sorbs1' 'Fam204a' 'Nudt8-1' 'Fibp' 'Tut1'
 'Ddb1' 'Gm6563' 'Borcs7' 'Fbxw2' 'Ggta1' 'Strbp' 'Cir1' 'Srp14' 'Crnkl1'
 'Ncoa6' 'Scand1' 'Ythdf1' 'Arfgap2' 'Pex16' 'Mavs' 'Ift52' 'Gm14305'
 'Prpf6' 'Gm43672' 'Il2' 'Ssr3' 'Lamtor2' 'Rtca' 'Gm43352' 'Plrg1' 'Clk2'
 '4933434E20Rik' 'Jtb' 'St7l' 'Impad1' 'Osgin2' 'Smim8' 'Susd1' 'Itgb3bp'
 'Mmachc' 'Fam213b' 'Snapc3' 'Efcab7' 'Usp24' 'Ssbp3' 'Lsm10' 'Gm13166'
 'Exosc10' 'Fndc10' 'Aurkaip1' 'Cyp51' 'Supt7l' 'Bloc1s4' 'Tec' 'Sgcb'
 'Evi5' 'Srrd' 'Acads' 'Cox6a1' 'Bud23' 'Mtif3' 'Tmem60' 'Pmpcb' 'Stx18'
 'Ociad1' 'Rbm19' 'Ddx54' 'Nudt1' 'Ggct' 'Rnf181' 'Tet3' 'Gt(ROSA)26Sor'
 'Tada3' 'Hdhd5' 'Casd1' 'Fam221a' 'Prdm5' '0610030E20Rik' '1810044D09Rik'
 'Clec4d' 'Parp11' 'Clec2i' 'Nucb1' 'Blm' '3110040N11Rik' 'Tmem126b'
 'Relt' 'Rnf121' 'Gde1' 'Qprt' 'Zfp689' 'Bnip3' 'Tubgcp2' 'Cttn' 'Sertad3'
 'Sertad1' 'Sirt2' 'Cep89' 'Prmt3' 'Abhd2' 'Crebzf' 'Numa1' 'Abraxas2'
 'Erich1' 'Cnot7' 'Clcn3' 'Rex1bd' 'Uba52' 'Slc7a6os' 'Gm10073' 'Mlkl'
 'Upf3a' 'Thsd1' 'Tusc3' 'Tmem161a' 'Colgalt1' 'Ndufb7' 'Wdr83os' 'Chd9'
 'Fto' 'Pskh1' 'Necab2' 'Tmed1' 'Acp5' 'Rp9' 'Spa17' 'Dlat' 'Neil1' 'Clk3'
 'Cep63' 'Atg4d' 'Pigyl' 'Fdxacb1' 'Psma4' 'Rcn2' 'Rbp1' 'Rhoa' 'Glb1'
 'Dync1li1' 'Ss18l2' 'mt-Co1' 'Ccdc22' 'Cetn2' 'Xlr4a' 'Fam3a' 'Cmc4'
 'Hdac8' 'Chm' 'Timm8a1' 'Rbm10' 'Dock11' 'Hsd17b10']",5.423256402736111,14.565359477124183,6.947707910515406
2,2,222,"['Rpl7' 'Dnpep' 'Actr3' 'Dars' 'Tmem183a' 'Rabgap1l' 'Nuf2' 'Cenpf'
 'Atp6v1h' 'Mrps9' 'Rnpepl1' 'Ppp1r7' 'Adipor1' 'Ivns1abp' 'Cox20'
 'Phactr2' 'Uqcr11' 'Timm13' 'Xpot' 'Rps26' 'Echdc1' 'Hdac2' 'Ptbp1'
 'Atp5d' 'Ndufs7' 'Ndufa12' 'Llph' 'Ddx56' 'Ttc1' 'Pafah1b1' 'Tmem97'
 'Aatf' 'Luc7l3' 'Cwc25' 'Tmem101' 'Rab1a' 'Slu7' 'Ppp2ca' 'Ube2g1'
 'Psmd11' 'Lrrc59' 'Nkiras2' 'Vps25' 'Ddx42' 'Psmd12' 'Kctd2' 'Anapc11'
 'Snw1' 'Iah1' 'Eif2s1' 'Rbm25' 'Tmem251' 'Mrs2' 'Pdcd6' 'Hspb3' 'Gdi2'
 'Tdp2' 'Psmg4' 'Clptm1l' 'Fam172a' 'Cetn3' 'Dnajc9' 'Bnip3l' 'Tnfsf11'
 'Vdac2' 'Bap1' 'Tox4' 'Irf9' 'Ccdc25' 'Cox6c' 'Atad2' 'Plec' 'Naga'
 'Mcat' 'Cers5' 'Slc11a2' 'Gpaa1' 'Gtpbp1' 'Aco2' 'Atxn10' 'Creld2'
 'Glyr1' 'Cep97' 'Nde1' 'Psmd2' 'Ift57' 'Usp16' 'Son' 'Chaf1b' 'Pdcd2'
 'Rps10' 'Vmac' 'Cebpz' 'Pgp' 'Ergic1' 'Rxrb' 'Atf6b' 'Ranbp3' 'Gemin6'
 'Taf7' 'Yipf5' 'Rab18' 'Commd10' 'Phax' 'Cyb5a' 'Banf1' 'Esrra' 'Yif1a'
 'Rasgrp2' 'Fam111a' 'Hspa14' 'Dnlz' 'Brd3' 'Tor1a' 'Ndufa8' 'Ckap2l'
 'Snx5' 'Pdrg1' 'Dsn1' 'Zmynd19' 'Fbxw5' 'Urm1' 'Endog' 'Ppig' 'Hat1'
 'Nup160' 'Fbxo3' 'Nxt1' 'Gins1' 'Asxl1' 'Ctsa' 'Ncoa3' 'Pfdn4' 'Pdcd10'
 'Prpf38b' 'Tpm3' 'Bcas2' 'Gstm5' 'Dnajb14' 'Zzz3' 'Rps20' 'Tex10' 'Alad'
 'Psip1' 'Cmpk1' '1110065P20Rik' 'Tmem39b' 'Zcchc17' 'Nipsnap3b' 'Pars2'
 'Yipf1' 'Srsf10' 'Hnrnpr' 'Sdhb' 'Dbf4' 'Noa1' 'Hnrnpd' 'Rsrc2' 'Rcc1l'
 'Ccz1' 'Snx17' 'Srd5a3' 'Iscu' 'Mdh2' 'Ift22' 'Gigyf1' 'Ppp1r35' 'Cops6'
 'Akr1b3' 'Atp6v1e1' 'Magohb' 'Washc2' 'Fgfr1op2' 'Hspbp1' 'Ccdc61'
 'Nfkbib' 'Fam98c' 'Cebpg' 'Faap24' 'Cib1' 'Eed' 'Pold3' 'Xpo6' 'Cars'
 'Slc1a5' 'Tgfb1' 'Rps16' 'Klk8' 'Ldha' 'Prc1' 'Rsf1' 'Timm10b' 'Ptpre'
 'Brd7' 'Pet100' 'Irf2' 'Fbxo8' 'Nr2c2ap' 'Fam32a' 'Asf1b' 'Polr2c'
 'Sap18b' 'Cbfb' 'Ap1g1' 'Cdc37' 'Cul5' 'Tex9' 'Higd1a' 'Pin1' 'Timm8b'
 'Ube2q2' 'Rpl4' 'Mthfs' 'Ccr9' 'Was' 'Ftsj1' 'Idh3g' 'Flna' 'Slc35a2'
 'Mcts1' 'Igbp1' 'Rpl36a']",13.03291881881081,15.16923868312757,6.664359220497733
3,3,167,"['Cops5' 'Farsb' 'Tsn' 'Eef1b2' 'Mff' 'Cops8' 'Acbd6' 'Trmt11' 'Rwdd1'
 'Pwp2' 'Mob3a' 'Zfp938' 'Cct2' 'Myl6b' 'Cd24a' 'Pofut2' 'Limk2' 'Med31'
 'Emc6' 'Gpatch8' 'Ppia' 'Clk4' 'Sar1b' 'Trp53' 'Ankrd40' 'Scrn2' 'Mrpl10'
 'Psmb3' 'Rpl19' 'Psmd3' 'Mrpl58' 'Trappc6b' 'Vcpkmt' 'Wdr89' 'Nol10'
 'Zc3h14' 'Ndufaf2' 'Arid4b' 'Hist1h1c' 'Sirt5' 'Grk6' 'Ecd' 'Gnpnat1'
 'Supt16' 'Acin1' 'Eef1akmt1' 'Fndc3a' 'Ktn1' 'Mphosph8' 'Rida' 'Eif3e'
 'Csnk1e' 'Desi1' 'Ttc33' 'Ank' 'Slc52a2' 'Xrcc6' 'Copz1' 'Yars2' 'Eif2b5'
 'Ube2i' 'Fam173a' 'Gtf2f1' 'Srsf7' 'Srrm2' 'Wdr46' 'Dxo' 'Gnl1' 'Wdr55'
 'Hdhd2' 'Sf3b2' 'Polr2g' 'Frat2' 'Exosc1' 'Nt5c2' 'Prdx3' 'Brms1'
 'Rnaseh2c' 'Hnrnpul2' 'Ubxn1' 'Sfr1' 'Spout1' 'Psmd5' 'Ahcy' 'Exosc2'
 'Immp1l' 'Katnbl1' 'Adrm1' 'Psmd4' 'Mfsd14a' 'Gar1' 'Selenot' 'Lamtor5'
 '2410004B18Rik' 'Uqcrh' 'Trnau1ap' 'Sesn2' 'Mtfr1l' 'Chmp5' 'Ccdc107'
 'Mecr' 'Usp48' 'Noc2l' 'Abcf2' 'Nop14' 'Bod1l' 'Sez6l' 'Fam216a' 'Eif2b1'
 'Med28' 'Ncapg' 'Mtf2' 'Rnf34' 'Baz1b' 'Fam220a' 'Rpa3' 'Ndufa5' 'Zc3hc1'
 'Chchd4' 'Cd27' 'Gp9' 'Ccdc174' 'Chd4' 'Borcs5' 'Ccne1' 'Pop4' 'Abhd17c'
 'Eif4g2' 'Rras2' 'Rps13' 'Nsmce4a' 'Napa' 'Fam103a1' '1110004F10Rik'
 'Pstk' 'Cd81' 'Arglu1' 'Ankrd10' 'Gatad2a' 'Cherp' 'Gfod2' 'Psmd7'
 'Cfdp1' '2810004N23Rik' 'Tsnax' 'Polr2m' 'Tmod3' 'U2surp' 'Mrps22'
 'Bfsp2' 'Cyb561d2' 'Fam212a' 'Lztfl1' 'Dcun1d5' 'Idh3a' 'Anp32a' 'Ints14'
 'Mns1' '5830418P13Rik' 'Pcbp4' 'Ip6k1' 'Wdr48' 'Aifm1' 'Pgrmc1' 'Emd'
 'Pbdc1' 'Ddx3y']",11.283059663718563,16.061237373737374,7.441194822813117
4,4,108,"['Rnf149' 'Ppfia4' 'Nenf' 'Ptpn18' 'Ramp1' 'Mpc2' 'Creg1' 'Tmco1' 'Igsf8'
 'Rab32' 'Abracl' 'Anapc16' 'Rap1b' 'Csrp2' 'Sec61g' 'Atox1' 'Slc25a11'
 'Ccr7' 'Smarcd2' 'Arhgdia' 'Naa38' 'Tmem256' 'Ywhae' 'Blmh' 'Gngt2'
 'Arf2' 'Ptrhd1' 'Mia2' 'D130020L05Rik' 'Pacs2' 'Btf3' 'Ptcd2' 'Bphl'
 'Commd6' 'Il3ra' 'Rnase6' 'Gmpr2' 'Wdfy2' 'Cln5' 'Txn2' 'Oxct1' 'Nrros'
 'Ntan1' 'Top3b' 'Rnf168' 'Stfa1' 'Morc3' 'Dusp1' 'Rpl7l1' 'Kctd20'
 'H2-DMa' 'Vav1' 'Reep5' 'Hsd17b4' 'Rps14' 'Taf6l' 'Fads2' 'Ostf1'
 'Csf2ra' 'Coro1b' 'Serinc3' 'Tomm34' 'Arhgap15' 'Zfyve19' 'Pofut1'
 'Ccna2' 'Serp1' 'I830077J02Rik' 'Sh3glb1' 'Cd72' 'Akr1a1' 'Rps6ka1'
 'Clta' 'Oma1' 'Nr0b2' 'Tmco4' 'Ctnnbip1' 'Gltp' 'Lrwd1' 'Khk' 'Tmem33'
 'Hvcn1' 'Crcp' 'Arpc1b' 'Sem1' 'Rab7' 'Eefsec' 'Ndufa9' 'St3gal5'
 'Arl6ip5' 'Cox6a2' 'Pnkp' 'Akip1' 'Stx4a' 'Taldo1' 'Mrpl23' 'Snx20'
 'Atp6v0d1' 'Cyba' 'Stxbp2' 'Lamp1' 'St3gal4' 'Mpi' 'Fam46a' 'Tmed3'
 'Snapc5' 'C1galt1c1' 'Ap1s2']",12.453336036740742,15.818376068376068,7.2536096351990675
5,5,78,"['Fhl2' 'Serpine2' 'Ier5' 'Ctdsp1' 'Fam129a' 'Ccdc28a' 'Agpat3' 'Nedd1'
 'Glipr1' 'Tcp11l2' '1700113H08Rik' 'Phlda1' 'Rtn4' 'Med11' 'Unc119'
 'Slfn2' 'Casc3' 'Gpr65' 'Pfkp' 'Aggf1' 'Arhgef28' 'Tspan14' 'Psme1'
 'Pmm1' 'Prkag1' 'Nr4a1' 'D16Ertd472e' 'Tfrc' 'Hcls1' 'Brd4' 'Ppp1r11'
 'Plin3' 'Agpat4' 'Pim1' 'Smim3' 'Nmi' 'Rbms1' 'Ubr3' 'Serf2' 'Ctdspl2'
 'Cebpb' 'Zbtb7b' 'Capza1' 'Ssr2' 'Hist2h3b' 'Gbp2' 'Bcl10' 'Scp2'
 'Glipr2' 'Txndc12' 'Tmem234' '2510039O18Rik' 'Mospd3' 'Ndufa4' 'Tgoln1'
 'Cd4' 'Hilpda' 'Rab19' 'Tmem176a' 'Mlf2' 'Capns1' 'Hcst' 'Lsr' 'Bax'
 'Ppp1r15a' 'Zfp628' 'Igf1r' 'Usp47' 'Cdipt' 'Ccdc102a' 'Rrad' 'Gm6213'
 'Il12rb1' 'Fdx1' 'Rab11a' 'Tusc2' 'Ndufa1' 'Mbnl3']",7.8582941382692315,16.430232558139537,8.63855579601853
6,6,112,"['Rev1' 'Cops9' 'Fbxo28' 'Rxrg' 'Cd84' 'E030030I06Rik' 'Ube2d1' 'Mettl25'
 'Mars' 'Adat2' 'Adora2a' 'Midn' 'Nap1l1' 'Baz2a' 'Rufy1' 'Rad50' 'Mrm1'
 'Scpep1' 'Kpnb1' 'Ormdl3' 'Jup' 'Lsm12' 'Clint1' 'Vamp2' 'Ptrh2' 'Ten1'
 'Narf' 'Rab10' 'Vti1b' 'Ifi27' 'Mterf3' 'Pik3r1' 'Prr7' 'Ripk3' 'Wapl'
 'Oxa1l' 'Rec8' 'Angpt1' 'Pcbp2' 'Tarbp2' 'Mzt2' 'Trat1' 'Nrip1' 'Cryzl1'
 'Snn' 'Polr2h' 'C330027C09Rik' 'Akap8l' 'Ndc80' 'Rgl2' 'Supt3' 'Klc2'
 'Ehbp1l1' 'Tle4' 'Pitpnm1' 'Cep55' 'Mxi1' 'Pdcd4' 'Tmx4' 'Zfp335'
 'Zmynd8' 'Upf2' 'Gle1' 'March7' 'Vps16' 'Ttpal' 'Rfxap' 'Setdb1' 'Gstm4'
 'Rwdd3' 'Eif2a' 'Rap2b' 'Hdac1' 'Zfp593' 'Map3k7' 'Tesk1' 'Syf2' 'Rbm48'
 'Fastk' 'Gfi1' 'Kctd10' 'Triap1' 'Kmt5a' 'Por' 'Ino80b' 'Emc3' 'Alox5'
 'Ldhb' 'C2cd5' 'Aup1' 'Slco3a1' 'Cnot3' 'U2af2' 'Bbc3' 'Ech1' 'Stim1'
 'Rasa3' 'Smim7' 'Nacc1' 'Fam192a' 'Kars' 'Fbxo25' 'Prmt7' 'Tbrg1'
 'Pafah1b2' 'Snx1' 'Rab8b' 'Stag1' 'Ebp' 'Armcx2' 'Pdha1' 'Hnrnph2']",5.170364146544642,16.686567164179106,7.35862960201007
7,7,41,"['Rassf5' 'Traf3ip3' 'Esyt1' 'Cited2' 'Sppl2b' 'Sqstm1' 'Acap1' 'Grap'
 'Gabarap' 'Tnrc6c' 'Ero1l' 'Abhd10' 'Rftn1' 'Prrc1' 'Malat1' 'Nudt22'
 'Ptprcap' 'Lpxn' 'Traf2' 'Wipf1' 'Sp3os' 'Col9a3' 'Rps27' 'Snapin'
 'Mgst2' 'Glmp' 'Gon4l' 'S100a13' 'S100a10' 'Rorc' 'Casp6' 'Xpa' 'Hsdl2'
 'Aldh2' 'Pld3' 'Cd37' 'Siah1a' 'Jund' 'Tmem30a' 'Pja1' 'Xlr4b']",11.421691918317073,17.076190476190476,7.471552023231475
8,8,46,"['Gm4208' 'Ly9' 'B3gnt7' 'Tcf7' 'Acadvl' 'Grn' 'Dcaf7' 'Id2' 'Adssl1'
 'Rad17' 'Lgals3' 'Dhrs2' 'Cela1' 'Tnrc6b' 'Bbx' 'Hes1' 'Cd200r1' 'Ifngr2'
 'Lonp1' 'Pacsin1' 'Cd1d1' 'Nfkb1' 'Sh2d2a' 'Dmap1' 'Ugcg' 'Runx3' 'Fuca1'
 'Abcb9' 'Nom1' 'Kit' 'Alkbh4' 'Trbc1' 'Etfrf1' 'Vasp' 'Zfand6' 'Uros'
 'Gmfg' 'Pkp3' 'Hsdl1' 'Pbx4' 'Adgrg1' 'Mindy2' 'Ets1' 'Bcor' 'Renbp'
 'Gemin8']",6.472425124043478,21.568627450980394,7.982105159218733
9,9,36,"['Cnppd1' 'Dhx9' 'Cdc40' 'Abi3' 'Mcrip1' 'Sf3a1' 'Vdac1' 'Med9' 'Rnf167'
 'Ubald2' 'Smim4' 'Tsc22d1' 'Dcaf13' 'Rfk' 'Ccndbp1' 'Actl6a' 'Naa15'
 'Anp32e' 'Gtf2b' 'Pink1' 'Dnajc11' 'Tmem214' 'Bet1' 'Zfp467' 'Gars'
 'Fiz1' 'Shkbp1' 'Mfge8' 'Eef1akmt2' 'Gins4' 'Ubxn8' 'Cenpt' 'Ncapd3'
 'Topbp1' 'Fundc2' 'Apool']",7.850476065944444,16.83585858585859,6.040965650727208
10,10,56,"['Tmem237' 'Tada1' 'Pex7' 'Smarcb1' 'Tspan31' 'Gpx4' 'Myo1g' 'Grb2'
 'Ikzf1' 'Ap2b1' 'Mfsd11' 'Dld' 'Hpcal1' 'Klhdc2' 'Nol8' 'Ssbp2' 'Vps28'
 'Nfe2' 'Cox14' 'Adprh' 'Rnf5' 'Zfp414' 'Mta3' 'Paip2' 'Cxxc5' 'Avpi1'
 'Usmg5' 'Atp5e' 'Dynlrb1' 'Vapb' 'Slc50a1' 'Polr3gl' 'S100a11' 'Ccdc28b'
 'Marcksl1' 'Mfap2' 'Nelfa' 'Kmt2e' 'Cpsf4' 'Cmas' 'Selenow' 'Cyth2'
 'Idh2' '2310057M21Rik' 'Coa4' 'Zfp771' 'Mvd' 'Zfp358' 'Ints10' 'Ankrd49'
 'Cxcr5' 'Ddx10' 'Tpm1' 'Eif1b' 'mt-Nd2' 'Ctps2']",13.564836995589285,17.77891156462585,6.897680413510303
11,11,66,"['Pias4' 'Cd63' 'Nefh' 'H2afv' 'Nt5c3b' 'Galk1' 'Ppp2r3c' 'Mis18bp1'
 'Gemin2' 'Psma3' 'Tmem121' 'Sox4' 'Hnrnpa0' 'Tmed9' 'Serf1'
 '4833420G17Rik' 'Ppp2r2a' 'Trap1' 'Runx1' 'Bdh1' 'Cpne5' 'Calm2' 'Cdkn1a'
 'Lsm2' 'Fxn' 'Hps1' 'Fbxw4' 'Ldb1' 'Ehd1' 'Chchd5' 'Tpx2' 'Gyg' 'Cpa3'
 'P2ry14' 'Atxn7l2' 'Dapp1' 'Cdc20' 'Lck' 'Cep85' 'Mad2l2' 'Mxd4' 'Fbxl5'
 'Armc10' 'Cenpa' 'Gm1673' 'Ddx55' 'Rhbdd2' 'Fscn1' 'Bud31' 'Vgll4'
 'Ptov1' 'Wdr73' 'Ifitm2' 'Cdkn1c' 'Plk1' 'Ifitm1' 'Ctxn1' '4921524J17Rik'
 'Cfap20' 'Hsbp1' 'Ntpcr' 'Ccnb2' 'Rbm5' 'Smco4' 'Prkcsh' 'Hmgb3']",10.398006421151514,18.333333333333336,5.422921796235016
12,12,33,"['Uxs1' 'Swt1' 'Tmem185b' 'Mtfp1' 'Mtif2' 'Mrps23' 'Med6' 'Alkbh1' 'Fntb'
 'Mcur1' 'Thoc3' 'Zcchc9' 'Comtd1' 'Kpna3' 'Etf1' 'Rad9a' 'AI837181'
 'Casp7' 'Dtwd1' 'Snrnp200' 'Atp1a1' 'Caap1' 'Wrap73' 'Cdk5' 'Ppat' 'Lias'
 'Zfp422' 'Nagk' 'BC017158' 'Med17' '2300009A05Rik' 'Msl3' 'Yipf6']",3.5781313206666665,10.31547619047619,4.6557056648906885
13,13,49,"['Soat1' 'Osgepl1' 'Zfand2b' 'Cenpl' 'Ccar1' 'Rtcb' 'Pym1' 'Cfap36' 'Bod1'
 'Hmmr' 'Kdm6b' 'Rfng' 'Ccdc40' 'Zfp322a' 'Gmds' 'Rfesd' 'Rbm26' 'Basp1'
 'Ccnt1' 'Letmd1' 'Krt18' 'Snap29' 'Zfp945' 'AY036118' 'Msrb1' 'Morn2'
 'Sft2d3' 'D030056L22Rik' 'Wbp1l' 'Api5' 'Pxmp4' 'Cntrl' 'Ctso' 'Gpbp1l1'
 'Tmem35b' 'Mfsd10' 'Abraxas1' 'Trafd1' 'Ubl3' '1700096K18Rik' 'Bcl7b'
 'Tprkb' 'Slx1b' 'Kptn' 'Nanos3' 'Zfpm1' 'Gas8' 'Mapkapk3' 'Naa10']",2.8906751055714284,16.06,6.384094819680129
14,14,32,"['Tmem9' 'Fzr1' 'Sar1a' 'Csnk1g2' 'Sptbn1' 'Crlf3' 'Heatr6' 'Dhrs7' 'Lgmn'
 'Gm11361' 'Cgrrf1' 'Ncf4' 'Ppil2' 'Rps18' 'Ccs' 'Uqcc3' 'Fbxl15' 'Rtf2'
 'Tmem51' 'Fbxo6' 'Dcaf10' 'Ppt1' 'Akr7a5' 'Eif2b4' 'Pon2' 'Chmp2a'
 'Tm2d3' 'Terf2ip' 'Afg3l1' 'Mrpl4' 'Itm2a' 'Trappc2']",9.113836821031251,17.21969696969697,7.6587927757647805
15,15,30,"['Lancl1' 'Chpf' 'Smyd3' 'Bclaf1' 'Cactin' 'Mettl16' 'Psme2' 'Trim13'
 'Zfp622' 'Atp6v1a' 'Rab40c' 'Tbp' 'Neu1' 'Ik' 'Stam2' 'Sephs1' 'Ttf1'
 'Snap23' 'Ndufaf5' 'Pnrc1' 'Hint2' 'Smap2' 'Zfp637' 'Nsmce1' 'Sirt3'
 'Mob2' 'Fcho1' 'Yipf2' 'Sept7' 'Bhlhb9']",5.707243264166666,17.70486111111111,4.735388100563982
16,16,30,"['Cnn2' 'Lyrm9' 'Sap30bp' 'Yy1' 'Naa35' 'Gng2' 'Bcdin3d' 'Emc2' 'Nup50'
 'Mrpl2' 'Me2' 'Rbm27' 'Mbd2' 'Fkbp2' 'Zdhhc16' 'Bmyc' 'Dnttip1'
 'Tnfaip8l2' 'Csde1' 'AU022252' 'Sh3bgrl3' 'Fam69a' 'Abcb8' 'Taok3'
 'Alox5ap' 'Mrps33' 'Rgs10' 'Tnni2' 'Tspan32' 'Gripap1']",8.5493177375,18.25,6.478648284780059
17,17,41,"['Ndufb3' 'Tfam' 'Actr2' 'Ccl3' 'Slc25a39' 'Limd2' 'Zfp277' 'Cdca7l'
 'Psma2' 'Med10' 'Phf20l1' 'Myg1' 'Angptl4' 'Pdlim1' 'Cuedc2' 'Stx5a'
 'BC005624' 'Mettl5' 'Ddrgk1' 'Samhd1' 'Ptpra' 'Ptpn1' 'Wdr77' 'Dcaf12'
 'Rnf220' 'Trmt10b' 'Rsrp1' 'Commd8' 'Tmem175' 'Snrnp27' 'Wbp11' 'Dedd2'
 'Cd2bp2' 'Etfb' 'Vrk3' 'Fbxo31' 'Snapc2' 'Rexo2' '1110032A03Rik' 'Gnai2'
 'Snupn']",9.150692162731708,14.494949494949495,4.87383975660505
18,18,47,"['Ncstn' 'Wdr26' 'Ginm1' 'Tle6' 'Dnajc12' 'Cep83' 'Dctn2' 'Adprm' 'Traf4'
 'Ccdc43' 'Rapgef6' 'Gm2a' 'Acot13' 'Rabggta' 'Atp5g2' 'Carhsp1' 'Txndc11'
 'Zfp148' 'Eif2ak2' 'Ndfip1' 'Spindoc' 'Ide' 'Slc25a28' 'Paxx' 'Msrb2'
 'Tor2a' 'Zswim1' 'Vps45' 'Sec62' 'Elovl6' 'Tstd3' 'Ncdn' 'Agtrap'
 'Zcchc7' 'Tes' 'Zfp787' 'Uri1' 'Aqp11' 'Dmac2' 'Kdelr1' 'Htatip2'
 'Hgsnat' 'Irf2bp2' 'Adgrg5' 'Pdcd7' 'Atrx' 'Bex1']",3.6548655463404254,14.525641025641026,7.976073362801958
19,19,32,"['Txndc9' '5730455P16Rik' 'Tepsin' 'Kif3a' 'Sstr2' 'Dnaaf2' 'Atad2b'
 'Cript' 'Epcam' 'Rock1' 'Ehmt1' 'Mkks' 'Adal' 'Prcc' 'Gba' 'Atp6v1g1'
 '2900026A02Rik' 'Sbno1' 'Fbxl18' 'Polr2b' 'Pitpnb' 'Bcl7a' 'Mlxip'
 'Bcl2l13' 'Ddx47' 'Scn1b' 'Isoc2a' 'Zfp30' 'Tspan3' 'Kif23' 'Pomgnt2'
 '1110059G10Rik']",3.8583623986249997,15.55,5.035705842613657
20,20,17,"['Pdcl3' 'Bptf' 'Lgals3bp' 'Cltb' 'Lmf2' 'N6amt1' 'Egr1' 'Acot8' 'Tuft1'
 'Dhcr24' 'Srpk2' 'Selplg' 'Dok1' 'Capg' 'AI467606' 'Pus3' 'Otud5']",4.5628249227647055,12.25,6.135377506140689
21,21,84,"['Inpp1' '2310009B15Rik' 'Rcsd1' 'Pea15a' '4930523C07Rik' 'Ddit4' 'Gstt2'
 'S1pr4' 'Sesn1' 'Smpdl3a' 'Ilvbl' 'Ppp1r12a' 'Stat6' 'Emid1' 'Ncor1'
 'Tefm' 'Sp2' 'Arhgap27' 'Snrnp25' 'Trpv2' 'Zfp36l1' 'Asb2' 'Sp4' 'Ap4s1'
 'Fut8' 'Ipo11' 'Akr1c13' 'Habp4' 'Brd9' 'Gpr18' 'Ddx17' 'Ndufa6' 'Trabd'
 'Tango2' 'Pigp' 'Ring1' 'Mdfi' 'Prelid2' 'Ctnna1' 'Cd74' 'Fgfbp3'
 'Crtac1' 'Rela' 'Gm42067' 'Pcna-ps2' 'Zbp1' 'Dph7' 'Rnf208' 'Tmem203'
 'Anapc2' 'Harbi1' 'Rab22a' 'Trim59' 'Rpf1' 'Ptgr1' 'Osbpl9' 'Tmem50a'
 'Eloa' 'Coq3' 'Paqr7' 'Mpv17' 'Nipal1' 'Tmem120b' 'Mkrn1' 'Stambp'
 'Abtb1' 'Atp6v1f' 'Akr1b10' 'Bckdha' 'Gramd1a' 'Tmem126a' 'Aamdc'
 'Zfp768' 'Deaf1' 'Eef2k' 'Mau2' 'Abhd8' 'Cacna1a' 'Zfp266' 'Tmem205'
 'Kbtbd3' 'Tmem218' 'Parp16' 'Prps2']",4.666358134416667,15.28985507246377,7.588525677220702
22,22,30,"['Arhgap30' 'Cstb' 'Cnpy2' 'Ubb' 'Atp6v1d' 'Jkamp' 'Selenok' 'Rac2'
 'Dazap2' 'Chmp2b' 'Prdx5' 'Rpl35' 'Csnk2a1' 'Chmp4b' 'Gatb' 'Scamp3'
 'Pex14' 'Rab2a' 'Tmem59' 'Eva1b' 'Ptp4a2' 'Cux1' 'Fis1' 'Eif2ak1'
 'Tmsb10' 'Paox' 'D8Ertd738e' 'Zbtb16' 'Rtl8b' 'Xist']",27.39234543006667,17.446428571428573,7.345115895152881
23,23,40,"['Npl' 'Hebp2' 'Itgb2' 'Tbc1d7' 'Gzma' 'Zdhhc20' 'Sla' 'Spryd3' 'Tmbim6'
 'Fopnl' 'Atg3' 'Ppt2' 'Myl12a' 'Yipf3' 'Fech' 'Sipa1' '1110008P14Rik'
 'Ndrg3' 'Smim26' 'Pex2' 'Rap1a' 'Jak1' 'Rchy1' 'Asl' 'Tpst2' 'Ing3'
 'Bpgm' 'Chn2' 'Tnfrsf1a' 'Chd2' 'Tmem9b' 'Phkg2' 'Tmem184c' 'Cbfa2t3'
 'Thap1' 'Map2k5' 'Icam1' 'Ddx6' 'Gm5617' 'Man2c1']",6.650955607599999,18.988505747126435,6.769142614473774
24,24,60,"['Btg2' 'Fcgr3' 'Icos' 'Batf3' 'Sec63' 'Vsir' 'Tpgs1' 'Uhrf1bp1l' 'Ddc'
 'Cd7' 'Mrpl27' 'Rdh14' 'Churc1' 'Evl' 'Tcrg-C4' 'Faf2' 'Slc25a32'
 'Triobp' 'Eif4a2' 'Cd200r4' 'Morc1' 'Rab11b' 'Myl12b' 'H2-Oa' 'Ypel5'
 'Lbh' 'Yipf4' 'Poli' 'Ctsw' 'Stn1' 'Ccdc32' 'Arhgap1' 'Lpcat4' 'Smox'
 'Impa1' 'Tstd2' 'Acot7' 'Tmem120a' 'Dnajc30' 'Gimap6' 'Mbd4'
 '1810058I24Rik' 'Gimap9' 'Gimap5' 'Leng1' 'Gemin7' 'Plekhf1' 'Ppme1'
 'Fbxo17' 'Rnf166' 'Cklf' 'Dus2' 'Atmin' 'Usp3' 'Apeh' 'Oaz2' 'Uba7'
 'Ccr2' 'Tmsb15l' 'Rps6ka3']",5.868459945200001,15.274774774774773,6.831211980592497
25,25,20,"['Vat1' 'Cyb561' 'Mmgt2' 'Tubb2b' 'Ttc5' 'Fitm1' 'Stk38' 'Shf' 'Acbd7'
 'Myl9' 'Gnb4' 'Jchain' 'Smim10l1' 'Blvrb' 'Pgpep1' 'Csnk2a2' 'Csk'
 'Gpd1l' 'Praf2' 'Gdi1']",2.0274871975499997,18.833333333333336,5.090841449767089
26,26,17,"['Insig2' 'Nudcd3' 'Wsb1' 'Mafg' 'Pigs' 'Cdk12' 'Gna13' 'Amz2' 'Rala'
 'Auh' 'Igfbp6' 'Pglyrp2' 'Nfe2l2' 'Commd2' 'Mios' 'Trim24' 'Ift46']",3.799464220176471,14.962962962962962,4.326739998237204
27,27,73,"['Klf7' 'Tsen15' 'Sft2d2' 'Scly' 'Il20ra' 'Ddx5' 'Pitpnc1' 'Lcp2'
 'Cdkn2aipnl' '2810001G20Rik' 'Naglu' 'Cpsf2' 'Rcor1' 'Sptlc1' 'Rgs14'
 'Lrp10' 'Lpar6' 'Klf10' 'Il10rb' 'Ezr' 'Gnptg' 'Cuta' 'H2-T22' 'Tapbp'
 'Tap2' 'Zfp24' 'Arap3' 'Pqlc1' 'Aip' 'Sart1' 'Plgrkt' 'Ppp1ca' 'Rpp38'
 'Arrdc1' 'Zfp120' 'Bcl2l1' 'Mpped2' 'Ttl' 'Sec23b' 'Pygb' 'Rnf114'
 'Cept1' 'Tnik' 'Fam189b' 'Tln1' 'Zc3h12a' 'Mier1' 'Rragc' 'Ubxn11' 'Eno1'
 'Cnot6l' 'Tecpr1' 'Rab35' 'Asns' 'Kbtbd2' 'Slc6a13' 'Rabac1' 'Il16' 'Ckm'
 'Ubfd1' 'Ppp2r2d' 'Fnta' 'Leprotl1' 'Junb' 'Cotl1' 'Saraf' 'Aplp2' 'Fli1'
 'Cnot10' 'Plscr1' 'Ccdc71' 'Ikbkg' 'Armcx3']",6.788085816465753,14.99468085106383,7.969454143945583
28,28,25,"['Zfp281' 'Selp' 'Vta1' 'Tmem5' 'Dusp6' 'Fam222b' 'Setd3' 'Gfod1'
 'Fam213a' 'Mief1' 'Dnaja3' 'Fam234a' 'Strn' 'Zfand3' 'Eif2ak4' 'Chst14'
 'Mfsd8' 'Man1a2' 'Kdm2b' 'Vkorc1l1' 'Picalm' 'Znrf1' 'Rnf111' 'Zdhhc9'
 'Ammecr1']",1.72712461724,12.5,10.703804397102395
29,29,14,"['Phykpl' 'Ttll12' 'Sp1' 'Lpp' 'Ppm1b' 'Dctn4' 'Mus81' 'Gpr137' 'Spata6'
 'Pds5a' 'Abhd11' 'Gtf3c1' 'Pde4a' 'Rap2c']",1.3606007936428572,12.6,9.154233993076646
30,30,24,"['Hjurp' 'Ostm1' 'Tcn2' 'Ppp4r3b' 'Neurl4' 'Pum2' 'Paip1' 'Dgat1' 'Lmbr1l'
 'Wdyhv1' 'Ubxn7' 'Zbtb11' 'H2-M3' 'Crem' 'St6galnac6' 'Stk4' 'Klhl9'
 'Gale' 'Qpctl' 'Prpf31' 'Apobr' 'Katnb1' 'Copb2' 'Tceal9']",2.637919495583333,13.208333333333334,8.381414323406645
31,31,34,"['Mitd1' 'Stradb' 'Cnot2' 'Kif5a' 'Gdf11' 'Nog' 'Tmub2' 'Fmnl1' 'Eif2b2'
 'Hist1h4d' 'Msra' 'Pdlim2' 'Sp7' 'Hic2' 'Zfp608' 'Elp2' 'Vps37c' 'Cercam'
 'Map1lc3a' 'Hadh' 'Acadm' 'Svbp' 'Rere' 'Ulk1' 'Atp2a2' 'Stim2' 'Pcgf3'
 'Kmt2b' 'Rcn3' 'Dhx38' 'Dhps' 'Rbm6' 'Dnm2' 'Rab9']",3.1152750763235297,19.855555555555554,7.306462313212293
32,32,24,"['Ptprc' 'Dtx3' 'Rnasek' 'Helz' 'L2hgdh' 'Rnf44' 'Laptm4b' 'Crebbp'
 'Kdm3b' 'Cwf19l1' 'Mgea5' '1110051M20Rik' 'Map7d1' 'Prdm16' 'Chchd7'
 'Fbxo42' '2410131K14Rik' 'Sfswap' '3110062M04Rik' 'Furin' 'Ngrn' 'Ing1'
 'Ddx25' 'Phf8']",1.3549135945000002,15.214285714285714,7.011045706937154
33,33,10,"['Ap1s3' 'Mical1' 'Ctdsp2' 'Cd96' 'Wiz' 'Tank' 'Setd7' 'Tbl1xr1' 'Dctn1'
 'Alg9']",0.9543280082000001,11.0,8.48528137423857
34,34,4,['Ppard' 'Zcchc4' 'Sumf1' 'Fbrs'],0.5179087782499999,,
35,35,27,"['Ctse' 'Pex3' 'Med16' 'Cyfip2' 'Usp22' 'Supt4a' 'Scfd1' 'Lgals8' 'Map3k1'
 'Hist1h2bk' 'Wrnip1' 'Arsb' 'Ccdc134' 'Zbtb11os1' 'Lrrc58' 'Gnpda1'
 'C330018D20Rik' 'Pik3c3' 'Csnk1g3' 'Snx32' 'Rexo4' 'Isg20l2' 'Ipp'
 'Hibadh' 'Tmem219' 'Vps4a' 'Abhd14b']",2.4653107206296294,17.185185185185183,8.932013445888384
36,36,21,"['Rnf157' 'Sap30l' 'Slc46a1' 'Tmem98' 'Ltb4r1' 'Skiv2l' 'Grpel2' 'Noc3l'
 'Tctn3' 'Tor4a' 'Trpm7' 'Cables2' 'Ampd2' 'Smim1' 'Kdm4c' 'Atg9b'
 'Emilin1' 'Med13l' 'Gata2' 'Pcf11' 'Fgf3']",0.7239783101904762,14.0,
37,37,27,"['Tmbim1' 'Xpr1' 'Ptpn14' 'Cbarp' 'Cradd' 'Dock2' 'Vezf1' 'Skap1' 'Zfp410'
 'Emc9' 'Tgds' 'Calcoco1' 'Qk' 'Man2a1' 'Itch' 'Stxbp3' 'Ampd1' 'Ptpn22'
 'Thap3' 'Mib2' '1010001B22Rik' 'Mterf1b' 'Dyrk1b' 'Ucp2' 'Aqp9' 'Ick'
 'Gm9888']",1.4887782373333334,21.541666666666668,7.346793776054884
38,38,46,"['Smap1' 'Atf6' 'Lmbrd1' 'Nrbf2' 'Eif4enif1' 'Mapk9' 'Taco1' 'Adam17'
 'Trip11' 'Mnat1' '4931414P19Rik' 'Slain1' 'Tab1' 'Paxbp1' 'Filip1l'
 '9930021J03Rik' 'Pi4k2a' 'Ptges' 'Zfp217' 'Acbd5' 'Ak8' 'Hax1' 'Lrrcc1'
 'Mynn' 'Mex3a' 'Gatad2b' 'Wwp1' 'Plod1' 'Ugdh' 'Sirt4' 'Tbc1d1' 'Tra2a'
 'Gadd45a' 'Eif4e3' 'Aak1' 'Fbxl14' 'Kdm5a' 'Ryr1' 'Spty2d1' 'Rnf40'
 'Rab11fip1' 'Samd1' 'Sidt2' 'Clpx' 'Snx12' 'Huwe1']",1.287958539326087,15.307692307692308,9.042811282860871
39,39,23,"['Trip12' 'Tomm40l' 'Ddit3' 'Utp6' 'Krt10' 'Ssh2' 'Ifrd1' 'Wdfy4' 'Socs5'
 'Msh6' 'Zfp397' 'Tgif2' 'Adar' 'Hook1' 'Phc2' 'Dmtf1' '5031425E22Rik'
 'Rbks' 'Auts2' 'Fbxo46' 'Arhgap10' 'Atm' 'Armc8']",1.1011413196956523,13.277777777777779,8.778920460081892
40,40,26,"['Map4k4' 'Acbd3' 'Gosr2' 'Selenom' 'Gpx3' 'Susd3' 'Btbd9' 'Safb' 'Wdr33'
 'Add3' 'Crat' 'Ier5l' 'Fahd2a' 'Cacfd1' 'Mga' 'Capn3' 'Snx16' 'Ciart'
 'Papss1' 'Aptx' 'Fbxl4' 'Bend5' 'Ints1' 'Wnk1' 'Pomk' 'Ddx3x']",2.042500076346154,17.739583333333332,10.232115155506976
41,41,37,"['Gna11' 'Sirt6' 'Fbxo30' 'Nf2' 'Chd3os' 'Sugct' 'Cdk13' 'Atg10' 'Cap2'
 'Actr8' 'Mkl1' 'Hdac7' 'Wrb' 'Chtf18' 'Enpp4' 'Ptprs' 'Ankrd12' 'Zbtb3'
 'Nat10' 'Prex1' 'Eng' 'Tmem127' 'Tspan5' 'Zbtb5' 'Zbtb17' 'Lrrc47'
 'Arap2' 'Add1' 'Nt5c3' 'Hnrnpul1' 'Ccp110' 'Calr3' 'Gnpat' 'Ulk3' 'Uchl4'
 'Rfx7' 'Elk1']",1.016128803837838,12.277777777777779,6.088468152535944
42,42,26,"['Utrn' 'Zc3h10' 'Msl3l2' 'Ppp2r5e' 'Slc25a29' 'Mboat2' 'Erbin' 'Ube2e2'
 'Arf3' 'Nme4' 'Daxx' 'Dnajc18' 'Fnbp1' 'Ahcyl1' 'Faap20' 'Trmt44'
 'Ptpn11' 'Rnf4' 'Sppl3' 'Dnajb13' 'Sbsn' 'Pnpla2' '1190002N15Rik' 'Cmc1'
 'Dynlt3' 'Ubqln2']",2.345214403423077,16.6875,8.847669184593194
43,43,48,"['Ppip5k2' 'Elk4' 'Kdm5b' '1190007I07Rik' 'Rab21' 'Nxn' 'Cltc' 'Atxn7l3'
 'Ascc2' 'Spag9' '5033406O09Rik' 'Snapc1' 'Gskip' 'Isca1' 'Srd5a1'
 'March6' 'Scrib' 'Cerk' 'Med15' 'B3gat3' 'Mta2' 'Gfi1b' 'Pdcl' 'Cstf3'
 'Gzf1' 'Cst7' 'Cog6' 'Etv3' 'Hemgn' 'Macf1' 'Pik3cd' 'Glis1' 'Cabp1'
 'Fam193a' 'Rhoh' 'Uspl1' 'Slc35b4' 'Exoc4' 'Gm15706' 'Homer3' 'Hinfp'
 'Pgm3' 'Zbtb38' 'Tex264' 'Gata1' 'Ofd1' 'Taz' 'Arhgap6']",1.7314575497291667,13.826666666666668,8.174100924623204
44,44,76,"['Mpzl1' 'Akap7' 'Coq10a' 'Shprh' 'Smarcc2' 'Aftph' 'Pex12' 'Unc13d'
 'Prr29' 'Tmem104' 'Baiap2' 'Ylpm1' 'Serpina3f' 'Cdyl' 'Tep1' 'Rpl36a-ps1'
 'Gpr183' 'Gm30108' 'Ccdc166' 'Gxylt1' '2610037D02Rik' 'Senp1' 'Grap2'
 'Bik' 'Gabpa' 'Platr17' 'Togaram2' 'Tmco6' 'AW112010' 'Lipa' 'Stk39'
 'Prkcq' 'Rapgef1' 'Pomt1' 'Slc43a1' 'Phf21a' 'Hck' 'Zfp687' 'Gdap2'
 'AI314180' 'Espn' 'Trim32' 'Efcab14' 'Mob3c' 'Mtf1' 'Stk40' 'Dhrs3'
 'Dffa' '2610524H06Rik' 'Rita1' 'Zfp932' 'Ankle2' 'Dnaaf5' 'Zfp777'
 'Tacstd2' 'Clcn4' 'Det1' 'B3gnt8' 'Lhpp' 'Fcor' 'Glg1' 'Klf2' 'Lonp2'
 'Nkd1' 'St14' 'Cep162' 'Ano10' 'Slc44a2' 'Sik3' 'Herc1' 'Scap' 'Mmgt1'
 'Tmsb15a' 'Prickle3' 'Kdm6a' 'Efnb1']",0.7547990378157895,21.2,11.256109452204168
45,45,37,"['A630001G21Rik' 'Rab3gap1' 'Apoa2' 'Pigm' 'Slc39a3' 'Washc4' 'Dhx33'
 'Pdk2' 'Tmem17' 'Trim25' 'Nbr1' 'Sdc1' 'Fam193b' 'Slc35d2' 'Ccdc125'
 'Elp3' 'Dgcr14' 'Senp5' 'B3galt4' 'Emilin2' 'Slc39a6' 'Gcnt1' 'Sec61a2'
 'Rc3h2' 'Zc3h8' 'Thnsl1' 'Dclre1b' 'Rnpc3' 'Gstcd' 'Zfp362' 'Dnajb6'
 'Art4' 'Gpatch1' 'Eps15l1' 'Arv1' 'Usp4' 'Xlr3b']",0.9934168802162162,14.857142857142858,6.114969921664141
46,46,94,"['Stk17b' 'Blzf1' 'Zap70' 'Dcaf8' 'L3mbtl3' 'Fam26f' 'Pcnt' 'Mier2'
 'Tspyl1' 'Dnajb12' 'Arhgap45' 'Mapk7' 'Med24' 'Slc16a6' 'Hexim1' 'Cox16'
 'Atp5s' 'Dync1h1' 'Tedc1' 'Zkscan3' 'Nup153' 'Zfp825' 'Camk2g' 'Cryl1'
 'Rhobtb2' 'Tdrd3' 'Mbnl2' 'Fbxo4' 'Tatdn1' 'Mtss1' 'Asb8' 'Myo10'
 'Lrrc14' '9330020H09Rik' 'Cd200r3' 'BC051226' 'Dpp9' '1700010I14Rik'
 'Vps52' 'Tnfsf9' 'Gm10269' 'Camk4' 'Pias2' 'Tmx3' 'Naa40' 'Mark2'
 'Vps13a' '1810055G02Rik' 'Pla2g16' 'Rbbp9' 'Cdk5rap1' 'Pdk1' 'Agps'
 'Trp53i11' 'AV099323' 'Chd1l' 'Pmvk' 'Slc39a1' 'Phtf1' 'Pex10' 'Nup54'
 'Scarb2' 'Orai2' 'Rnf216' 'Tbc1d19' 'Chek2' 'Ap5z1' 'Anxa4' 'Tmf1'
 'Tapbpl' 'Tigar' 'Tmem106b' 'Dhx32' 'Irf7' 'Fbxo27' 'Ctu1' 'Tubgcp5'
 'Smpd1' 'Rassf7' 'Tmem80' 'Brf2' 'Upf1' 'Nr2f6' 'Rad23a' 'Mthfsd' 'Cbr4'
 'Cyld' 'Vac14' 'Ccr1' 'Eepd1' 'Gclc' 'Nprl2' '3830403N18Rik' 'F8a']",1.219286335893617,14.527027027027026,9.16207911413636
47,47,62,"['Fcer1g' 'Itm2c' 'Arpc5' 'Arg1' 'Myl6' 'Ifngr1' 'Atp2b1' 'Anxa6' 'Pfn1'
 'Ccl5' 'Tbx21' 'Cisd3' 'Rara' 'Nfkbia' 'Ckb' 'Batf' 'Serpina3g' 'Dlk1'
 'Itm2b' 'Nipbl' 'Selenop' 'Prr13' 'Ccdc80' 'Cldnd1' 'H2-K1' 'Dennd1c'
 'H2-D1' 'Tbc1d10c' 'Dusp5' 'Gata3' 'Mdk' 'Gsn' 'Tox2' 'Gnas' 'Car2'
 'Gm15417' 'Cd52' 'Tnfrsf9' 'Txk' 'Lag3' 'Ptms' 'Arhgdib' 'Gimap4' 'Klrd1'
 'Spcs2' 'Sept1' 'H19' 'Pglyrp1' 'Tyrobp' 'Nkg7' 'Ypel3' 'Ier2' 'Tradd'
 'Cdyl2' 'Gabarapl2' 'Cd3g' 'Rora' 'Shisa5' 'Cxcr6' 'Cxcr3' 'Tmsb4x'
 'Pim2']",20.557728701467745,18.208333333333332,8.071713894381029
48,48,57,"['Lrrfip1' 'H2afy2' 'Apba3' 'Hormad2' 'Ccdc69' '2610035D17Rik' 'Oxld1'
 '2610507B11Rik' 'Atad5' 'Dtnb' '1110008L16Rik' 'Gm30025' 'Hist1h1e'
 'Txndc16' 'Styx' 'Gm10384' 'Golph3' 'Nckap1l' 'Pdpk1' 'Lrpprc' 'Zeb1'
 'Ctsf' 'Nfkb2' 'Tmem141' 'Rassf2' 'Knl1' 'Rrnad1' 'Lmna' 'Btbd19' 'Epb41'
 'Triqk' 'Eya3' 'Tnip2' 'Htra3' 'Rnf6' 'Flt3' 'N4bp2l1' 'Zcwpw1' 'Bri3'
 'Arhgap25' 'Tpra1' 'Bloc1s3' 'Ppp1r37' 'Mvp' 'Mcmbp' 'Cox7a1' 'Zscan2'
 'Ddx28' 'Ddx19b' 'Slc27a1' 'Inpp4b' 'Car7' 'Cwf19l2' 'AB124611' 'Stoml1'
 'Gpr34' 'Cdk16']",1.206320514736842,16.785714285714285,7.717896997624033
49,49,27,"['Il17f' 'Il18r1' 'Csf2' 'Tns4' 'Chad' 'Ahr' 'Il7r' 'Il2rb' 'Socs1' 'Lta'
 'Prrt1' 'Ltb' 'Fsd1' 'Map3k8' 'Cd160' 'Lmo4' 'S100a4' 'Serinc2' 'Cited4'
 'Tnfrsf25' 'Clnk' 'Tpbgl' 'Kcnk1' 'Herpud2' 'Hmgn3' 'Thy1' 'Slc9a9']",2.801565577,20.5,8.12403840463596
50,50,47,"['Arfgef1' 'Dock10' 'Cflar' 'Slc16a7' 'Ghdc' 'Timp2' 'Notum' 'Morc2a'
 'Zfp3' 'Gm31887' 'Tcrg-C2' 'Tcrg-C1' 'Ppp3cc' 'AC147041.1' 'Dennd6b'
 'Gm15738' 'Wdr27' 'Rsph3a' 'Crebrf' 'Arhgap12' 'Sil1' 'Morn4' 'Vps39'
 'Phyh' 'Gpr107' 'Plpp7' 'Cym' 'Enho' 'Shb' 'Hdhd3' 'Slc35d1' 'Kif1b'
 'Ski' 'Tapt1' 'Card11' 'Fam109a' 'Trrap' 'Cdk8' 'Creb3l2' 'Il12rb2'
 'Etfbkmt' 'AU020206' 'Nmb' 'Mbtps1' 'Tnpo2' 'Parp6' 'Ccr8']",0.8402038926808512,22.166666666666668,6.400520812142295
51,51,43,"['Orc2' 'Ppp2r5a' 'Dtl' 'Gtf3c6' 'B4galnt1' 'Cops3' 'Gm20234' 'Tada2a'
 'Stat3' 'Xpo1' 'Ccl4' 'Lasp1' 'Mthfd1' 'Skiv2l2' 'Zscan12' 'Shisa8'
 'Tcf20' 'Ptp4a3' 'Hmgn1' 'Gm10036' 'Csf1r' 'Rprd1b' 'Spg20' 'Selenbp1'
 'Ints12' 'Lrrc40' 'Grsf1' 'Zkscan14' 'Nsun5' 'D5Ertd605e' 'Slc25a13'
 'Strap' 'Svip' 'Nipa2' 'Mki67' 'Polr2l' 'Paf1' 'Tufm' 'Zpr1' 'Nckipsd'
 'Setd2' 'Sh3bgrl' 'Arxes2']",4.709295959813954,18.305555555555557,5.1370911888298165
52,52,33,"['Slc39a10' 'Ralgps2' 'Rnasel' 'Arrb2' 'Trim37' 'Ubr7' 'BC005537'
 '2810402E24Rik' 'Fkbp11' 'Dzip3' 'Lnpep' 'Tap1' 'Ncaph' 'Nup188' 'Mlf1'
 'Gem' 'Oscp1' 'Luzp1' 'Ywhag' 'BC005561' 'Ltbr' 'Snx10' 'Gfpt1' 'Spsb2'
 'Prrg2' 'Snrpn' 'Tmem41b' 'Gm31597' 'Cfap97' 'Arcn1' 'Ccpg1os' 'Pdcd6ip'
 'Mecp2']",1.4004178554848485,14.735294117647058,7.726006502106262
53,53,35,"['Dusp12' 'Cisd1' 'Ormdl2' 'Ikbip' 'Nek8' 'Dcxr' 'Dhrs7b' 'Mtmr4'
 'Ndufaf8' 'Lyrm4' 'Nkiras1' 'Utp23' 'Trmt12' 'Parvg' 'Pim3' 'Foxp4'
 'Def6' 'Atg13' 'Dgkz' 'Siah2' 'S100pbp' 'Tmem57' 'Stil' '5430416N02Rik'
 'Mad1l1' 'B3glct' 'Lmo1' 'Pycard' 'Zfp606' 'Strn4' 'Siglecg' 'Wwox'
 'Ppp2r3d' 'mt-Atp6' 'Thoc2']",3.2087769957714283,14.676470588235293,7.165327052180234
54,54,43,"['Pask' 'Tmem206' 'Lpgat1' 'Myb' 'Qrsl1' 'Thap2' 'Tdg' 'Tns3'
 '0610010F05Rik' 'Cog1' 'Ptdss1' 'Mtrf1' 'Atat1' 'Pja2' 'Hmga1' 'Galnt1'
 'Pygm' 'Pip4k2a' 'Ddb2' 'Nup214' 'Prpf3' 'E2f5' 'Gne' 'Kpna6' 'Gm13012'
 'Ubr4' 'Gtpbp6' 'Hscb' 'Tmem119' 'Slc7a1' 'Chfr' 'Pptc7' 'Znrf2'
 'Trim12c' '2510046G10Rik' 'Tmem143' 'Rbbp6' 'Dcun1d2' 'Taf5l' 'Mre11a'
 'Srpr' 'Cln6' 'Golga4']",1.2600519576976743,16.166666666666668,12.364416196440002
55,55,46,"['Eif2d' 'Nr2c1' 'Serpinf1' 'Supt6' 'Acly' 'Acaca' 'Ttc32' 'Gkap1' 'Rreb1'
 'Josd1' 'Pop1' 'Spink10' 'Ighmbp2' 'Ppp6r3' 'Neat1' 'Rnls' 'Pprc1'
 'Tcp11l1' 'Samd10' 'Wdr76' 'Lbp' 'Them4' 'Trmt10a' 'Arhgef39' 'Ikbkap'
 'Kdm4a' 'Ddi2' 'Zcchc11' 'Paxip1' 'Zfp113' 'Gna12' 'Plod3' 'Zfp746'
 'Paip2b' 'Pcyox1' 'Zfp239' 'Ap2a1' 'Inpp5f' 'Armc6' 'Cln8' 'Ocel1'
 'Msantd2' 'Sacm1l' 'Cul4b' 'Xiap' 'Bclaf3']",0.7805423311304347,9.0,6.557438524302
56,56,26,"['Ahi1' 'Sept4' 'Gm17586' 'Erap1' 'Cyp4f13' 'Aif1' '9030025P20Rik'
 'Tm9sf4' 'Rbm15' 'Nras' 'Kmt2c' 'Mark4' 'Thap12' 'Tmem159' 'Fbxl19'
 'Zfp646' 'Mgmt' 'Crtc1' 'Ccsap' 'Evi5l' 'Zfp827' 'Zfp1' 'Kri1' 'Fem1b'
 'Slc25a14' 'Abcd1']",0.7924280420769231,21.666666666666668,4.041451884327381
57,57,34,"['Tbx19' 'Gm15853' 'Fcgr2b' 'Dyrk2' 'Sec24a' 'Gatsl3' 'Mks1' 'Nrde2'
 'Rps6ka5' 'Ankrd9' 'Daam1' 'Zbtb1' 'Ndrg2' '9930012K11Rik' 'Gm49169'
 'Tfcp2' 'Espl1' 'Dyrk1a' '1700102H20Rik' 'Ccdc112' 'Tmem250-ps' 'Fam102a'
 'Ptrh1' 'Slc9a8' 'Prune1' 'Skil' 'Abca1' 'Exoc1' 'Ube2h' 'Elmod3' 'Casp2'
 'Zfp61' 'Herc2' 'Ibtk']",0.5985315568823529,15.846153846153847,10.048599851439949
58,58,33,"['G730003C15Rik' 'Lum' 'Ulk2' 'Nploc4' 'Klhl28' 'Ifi27l2a' 'G2e3'
 'Hist1h2ap' '2810429I04Rik' 'Oxsm' 'Zswim8' 'AL590144.2' 'Gpt' 'Dip2b'
 'Spice1' 'Tsc2' 'Dynlt1b' 'Fbxo18' 'Platr27' 'Gstm7' 'Tmem53' 'Slc4a2'
 'Npy' 'B230322F03Rik' 'Nek3' 'N4bp1' 'Zfp617' 'Tbcel' 'Paqr5' 'Tdgf1'
 'Fam76b' 'Txlng' 'Rnf113a1']",0.29240780278787876,6.0,
59,59,25,"['Ercc5' 'Gm10031' 'Appl2' 'Ska2' 'Sav1' 'Sh3yl1' 'Tmem184b' 'Rsph3b'
 'Sft2d1' '1700086O06Rik' 'Map3k2' 'Ppp2r5b' 'Prpf18' 'Tspyl3' 'Rag2'
 'Tubgcp4' 'Insl5' 'Xrcc2' 'Brat1' 'Homer2' 'Mapk1ip1' 'Cib2' 'Rbpms2'
 'Dnase1l1' 'Fam199x']",0.24688805392,,
60,60,40,"['3110045C21Rik' 'Tmem259' 'Lmnb2' 'Mdm2' 'Mtmr3' 'Gm26517' 'Gapt' 'Parp8'
 'Ttc37' 'Pced1b' 'Rwdd2b' 'Ttc27' 'Rps6ka4' 'Mcm10' 'Rcn1' 'Fut7'
 'Entpd6' 'Tiparp' 'Prkab2' 'Dbt' 'Rad54b' 'Bsdc1' 'Rint1' 'Pgm1' 'Usp30'
 'Csgalnact2' 'St8sia1' 'Zfp956' 'Zfp329' 'Arhgap17' '1700008J07Rik'
 'Ifitm6' 'Sympk' 'Atp4a' 'Swap70' 'Pdf' '2310022B05Rik' 'Slc25a36' 'Vill'
 'Hcfc1']",0.702071686675,16.7,9.626929820964614
61,61,47,"['Fam126b' 'Tpp2' 'Stx6' 'Nsl1' 'Hk1' 'Nab2' 'Cdk19' 'Cep68' 'Med13'
 'Gdpd1' 'Ubtd2' 'Pank3' 'Ankfy1' 'Tlk2' 'Prkar2b' 'Ppp1r13b' 'Phf2'
 'Pdlim7' 'Ippk' 'Plpp1' 'Polr3a' 'Exoc5' 'Tmtc4' 'Paqr4' 'Arhgdig'
 'Tubb4a' 'B4galt6' 'Gm10053' 'Exoc6' 'Lnpk' 'Plagl2' 'Zfp704' 'Ect2'
 'Adam15' 'Flad1' 'Tmeff1' 'Adap1' 'Gm15446' 'Mafk' 'Gstk1' 'Psg17'
 'Samd4b' 'Zfp553' 'Ncam1' 'Dag1' 'Alkbh8' 'Cenpi']",0.5993654586382979,11.80952380952381,8.582651382987937
62,62,33,"['Gorab' 'Dohh' 'Adi1' 'Pcnx4' 'F2r' 'Snx18' 'Recql4' 'Tnfrsf13c' 'Rictor'
 'Nsun3' 'Pcyt1a' 'Mrps18b' '8030462N17Rik' 'Kif11' 'Gtf3c4' 'Cep250'
 'Fam210b' 'Mettl14' 'Usp33' 'Lyn' 'Hectd3' 'Hsph1' 'Aff1' 'Lrrc8c'
 'Hoxa7' 'Iffo1' '3010003L21Rik' 'Fkrp' 'Siglece' 'Rasip1' 'Hpgd'
 '2310075C17Rik' 'Ercc6l']",0.305725099969697,18.0,19.79898987322333
63,63,42,"['Tmem131' 'Ankrd44' 'Hdac4' 'Smg7' 'Fasl' 'Cnnm3' 'Ccdc93' 'Lin9' 'Nemp1'
 'Mir142hg' 'Stat5a' 'Tmc8' 'Rptor' 'Sec23a' 'Calm1' 'Nim1k' 'Dnajc3'
 'Mcfd2' 'Tagap' 'Clic1' 'Tshz1' 'Psma8' 'Ankhd1' 'Kmt5b' 'Rxra' 'Gorasp2'
 'Zfp335os' 'Efna4' 'Serpini1' '5730480H06Rik' 'Brap' 'Arpc3' 'Mtus2'
 'Samd9l' 'Tatdn2' 'Gm21814' 'Cyfip1' 'Trim34a' 'Tldc1' 'Papd5' 'Rad54l2'
 'Eomes']",4.433866861666666,24.0,6.214901447328026
64,64,15,"['2010300C02Rik' 'Med1' 'Mnt' 'Exoc2' 'Enc1' 'Slc4a7' 'Rhoq' 'Lcor'
 'Angptl2' 'Zfp984' 'Rtkn' 'Zc3h4' 'Tubgcp3' '1700048O20Rik' 'Gria3']",0.28867991699999995,,
65,65,22,"['Capn2' 'Cnnm4' 'Cd244' 'Tsfm' 'Pan2' 'Tlcd1' 'Ighv1-77' 'Gm17259'
 'Nudt13' 'Celsr1' 'Micall1' 'Fbxo45' 'Zfpl1' 'Smarca2' 'Bcl2l11' 'Maml3'
 'Lcorl' 'Eid2' 'Tmem170' 'Piezo1' 'Mef2b' 'Tmsb15b2']",0.28327718745454544,,
66,66,50,"['Usp21' 'Abl2' 'Herc4' 'Flii' 'Evi2' 'Dhx40' 'Cep131' 'Specc1' 'Zzef1'
 'Ccdc137' 'Aspscr1' 'Dtd2' 'Smim13' 'Il17rb' 'Tinf2' 'Mettl17' 'Zfp395'
 'Pcca' 'Fam91a1' 'Marf1' 'Cebpd' 'Gm3435' 'Kifc5b' 'Nfkbie' 'Slc25a46'
 'Gtf3c5' 'Ino80' 'Gm10762' 'Pygo2' 'Rnf38' 'Cenps' 'Dffb' 'Snhg12'
 '2310040G24Rik' 'Pex5' 'Smarcad1' '1600020E01Rik' 'Lipe' 'Prr12' 'Zfp143'
 'Wee1' 'Rab3a' 'Phkb' 'Ube4a' 'Il10ra' 'Swsap1' 'Zw10' 'Plet1'
 '4833445I07Rik' 'Prkar2a']",0.6906937368,21.666666666666668,8.082903768654761
67,67,51,"['Mettl21a' 'Abcb6' 'D2hgdh' 'Reps1' 'Mcm3ap' 'Plek' 'Acyp2'
 '9330160F10Rik' 'Pigl' 'Tubd1' 'Trappc12' 'Rab10os' 'Ankmy2' 'Phf7'
 'Pus7l' 'Rapgef3' 'Sgsm3' 'Anks3' '1300002E11Rik' 'Tfb1m' 'Flywch2'
 'Gm3550' 'Tnks2' 'Arl14ep' 'Kif16b' 'Sh2d3c' 'Mindy1' 'Trim33' 'Ptger3'
 'Tmem38b' 'Igfbp7' 'Trip6' 'Hps4' 'Tesc' 'Ptcd3' 'Necap1' 'Cln3' 'Ccdc8'
 'Stard10' 'Arntl' 'Amfr' 'Cers4' 'Ell' 'Fam129c' 'Dnase2a' 'Fbxw9'
 'Vps11' 'Ccdc84' 'Fbxo9' 'Amer1' 'Zcchc18']",0.9198026897254902,23.115384615384617,10.508238526179206
68,68,67,"['Ahctf1' 'Mia3' 'Tatdn3' 'Tab2' 'Hmg20b' 'Tbrg4' 'Rel' 'Nr1d1' 'Gm11772'
 'Etaa1os' 'Pwwp2a' 'Synrg' 'Arhgap27os3' 'Myl4' 'Wdr20' 'Hist1h3h'
 'Dusp22' 'Fam120aos' 'Akap11' 'Flnb' 'Sfmbt1' 'Parp10' 'Nfam1' 'Nup155'
 'Senp2' 'Senp7' 'Gm19412' 'Sapcd1' 'Cep120' 'Cul2' 'Cd6' 'Rrp12' 'Cox15'
 'Erlin1' 'Cstf2t' 'Dpp4' 'Zdhhc5' 'Cd93' 'Zeb2os' 'Kif3b' 'Golim4'
 'Hist2h2ac' 'Lpar1' 'Rlf' 'Ago1' 'Zdhhc18' 'Wdr86' 'Hsd17b11' 'Unc119b'
 'Erp29' 'Trim56' 'Ppbp' 'Slc8b1' 'Xpc' 'Rad52' 'Prss36' 'Lins1' 'Pik3r2'
 'Dync1li2' 'Slc7a5' 'Ogfod1' 'Rnf214' 'Arih1' 'Senp8' 'Mras' 'Mtmr2'
 'Zdhhc15']",0.6250102218656717,9.6875,8.904820791758436
69,69,42,"['Pms1' 'Raph1' '5730559C18Rik' 'Nos1ap' 'Sgo2a' 'Reep3' 'P4ha1' 'Gaa'
 'Rock2' 'Ssr1' 'Gm10320' 'Hist1h2ab' 'Spryd7' 'Esco2' 'Ift88' 'Timmdc1'
 'Hspbap1' 'B4galt4' 'Ccdc191' 'Ccnf' 'Zfp472' 'Ttc7' 'Twnk' 'Slc25a25'
 'Chd6' 'Hipk1' 'Mob3b' 'Casp8ap2' 'Slc5a6' 'Wasl' 'Fam60a' 'Klhl42'
 'Pou2f2' 'Cebpa' 'Slc35e1' 'Ankle1' 'Ripor1' 'Cmip' 'Ctu2' 'Zdhhc3'
 'Wdr45' 'Fmr1']",0.8131621507857142,11.021739130434783,7.28085637581304
70,70,56,"['Cspp1' 'Ankzf1' 'Alyref2' 'Exo1' 'Drg1' 'Iba57' 'Haspin' 'Nme2' 'Stat5b'
 'Pik3ip1' 'Rnf145' 'Elac2' 'Rhob' 'Vipas39' 'Mtr' 'Ctla2a' 'Phf11c'
 'Mapk1ip1l' 'Zfp647' 'Sbf1' 'Gp1bb' 'Srf' 'Tbc1d5' 'Fam98a' 'Cul7'
 'Eif3j2' 'Afg3l2' 'Grk2' 'Map3k11' 'Alkbh3' 'Bub1' 'Sptan1' 'Bbs5' 'Snx7'
 'Prkacb' 'Slc16a1' 'Ncbp1' 'Plbd2' 'Pom121' 'Slc30a9' 'Zkscan1' 'Brca2'
 'Pds5b' 'Sec61a1' 'Bcl3' 'Dkkl1' 'Slc25a22' 'Nadsyn1' 'Armc5' 'Cdkn2aip'
 'Tk2' 'Emc8' 'Trf' 'Hyou1' 'Kif15' 'Kdm5c']",0.8573286292500001,14.1875,5.659431655799606
71,71,30,"['Kdelc1' 'Asnsd1' 'D1Ertd622e' 'Lyz2' 'Ctc1' 'Wfdc17' 'Utp15' 'Ctsg'
 'Lacc1' 'Skp2' 'Gm21981' 'H2-DMb1' 'Ebi3' 'Fem1c' 'Unc93b1' 'Ass1'
 'Ptgs1' 'Sirpa' 'Il6ra' 'Alg6' '4930524J08Rik' 'Ankrd13a' 'Ints13'
 'Mef2a' 'Fes' 'Ctbp2' 'Kctd14' 'Hp' 'Lpar2' 'Usp2']",1.2802817067333334,6.230769230769231,6.233696684871213
72,72,35,"['Plpp2' 'Atp23' 'Mfsd12' 'Pfas' 'Mief2' 'Fam117a' 'Milr1' 'Prkch' 'Acot2'
 'Hist1h4c' 'Mxd3' 'Lpcat1' 'Iqcb1' 'Fkbp5' 'Egfl8' 'Pdzd8' 'Tmem2'
 'Vti1a' 'Surf6' 'Hdc' 'Abca2' 'Gm12932' 'Rnf20' 'Mterf1a' 'Setd1b'
 'Inafm1' 'Nup98' 'Nucb2' 'Sec23ip' 'Snai3' 'Nek1' 'Rnf150' 'Gm9856'
 'Zmat1' 'Gnl3l']",0.9146713707999999,7.840909090909091,6.315865064672576
73,73,45,"['Sp110' 'Mapkapk2' 'Cnot9' 'Nucks1' 'Cand1' 'Cs' 'Gm12184' 'Kpna2'
 'Rpl26' 'Ddx24' 'Nop16' 'Iars' 'Ap3m1' 'Srebf2' 'Cdc45' 'Gtpbp8' 'Gart'
 'Gnb1l' 'Bex6' 'Fance' 'Ppic' 'Kif20a' 'Pola2' 'Ccdc86' 'Oip5' 'Rif1'
 'Spi1' 'Id1' 'Kpna4' 'BC028528' 'Gpatch4' 'Cenpe' 'Cpne3' 'Rell1'
 'Camkk2' 'Tacc3' 'Kdelr2' 'Rad18' 'Adipor2' 'Fus' 'Cep44' 'Mt1' 'Bud13'
 'Bckdhb' 'Acot9']",5.900743920088889,11.552631578947368,7.1315508069177
74,74,32,"['Ufc1' 'Hibch' 'Rpe' 'Stk16' 'Exoc7' 'Hba-a2' 'Mrnip' 'Alkbh5' 'Rps29'
 'Lrr1' 'Pak1ip1' 'Nedd8' '1700123O20Rik' 'Dhrs4' 'Phf5a' 'Pcyox1l' 'Got1'
 'Dolk' 'Dnajc24' 'Cstf1' 'Ppa2' 'Znhit6' 'Cdk11b' 'Rpl9' 'Tmem165' 'Mtpn'
 'Ppp5c' 'Bcl2l12' 'Coq9' 'Tcf25' 'Uba5' 'Gtf2a2']",11.249920941093752,12.6015625,5.031207910173686
75,75,15,"['Sdhaf4' 'Srgn' 'Glod4' 'Ghitm' 'Eci1' 'Abhd16a' 'Rab1b' 'Gm17018'
 'Mllt10' 'Rsbn1l' 'Foxp1' 'Trnt1' '1600014C10Rik' 'Acat1' 'Senp6']",11.703859016133332,15.922222222222222,7.315960663049003
76,76,41,"['Kmo' 'Arid5b' '2310011J03Rik' 'Krr1' 'Utp18' 'Nudcd2' 'Map2k3' 'Cep72'
 'Ipo5' 'Bop1' 'Rhebl1' 'Bin2' 'Myc' 'Sik1' 'Kifc1' 'Pkmyt1' 'Snrpc'
 'Cd320' '4930503L19Rik' 'Ctdp1' 'Poll' 'Anapc1' 'Nup35' 'Mnd1' 'Rps6'
 'Atp6v0b' 'Themis2' 'Atad3a' 'Oas1c' 'Rfc3' 'Nsd2' 'Dck' '6330418K02Rik'
 'Rhno1' 'Mpp6' 'Alg8' 'Rwdd4a' 'Babam1' 'Carmil2' 'Cdt1' 'Tspyl2']",5.9585065659024385,9.01923076923077,5.1857340470600315
77,77,44,"['Acadl' 'Tmem177' 'Il1r2' 'Nup107' 'Txnrd1' 'Gemin5' 'Eral1' 'Gm27029'
 'Copz2' 'Asxl2' 'Brms1l' 'Dok3' 'Ppwd1' 'Cwc27' 'Ska3' 'Gm7324' 'Gpr180'
 'Agpat1' 'Rab5a' 'Atg12' 'Ablim1' 'Cpsf7' 'Pgam1' 'Med22' 'Trim44' 'Dph6'
 'Rbm45' 'Pkn2' 'Smg5' 'Clspn' 'Cdk6' 'Pop5' 'Pxn' 'Fbxo21' 'Shq1'
 'Klrb1f' 'Clec12a' 'Egln1' 'Usp10' 'Parp3' 'Kdelc2' 'Bnip2' 'Gla' 'Maoa']",1.9479584023636365,7.352941176470588,5.461337126433063
78,78,37,"['Mars2' 'Nif3l1' 'Cirbp' 'D10Wsu102e' 'Ncbp3' '1700020L24Rik' 'Mta1'
 'Hist1h4i' 'Hist1h2af' 'Sgo1' 'Prss34' 'Gm42418' 'Dcp2' 'Cxxc1' 'Mbd1'
 'Pank1' 'B4gat1' 'Nhlrc2' 'Gapvd1' 'Caprin1' 'Ap1ar' 'Mfsd1' 'Pus1'
 'Slc15a4' 'Atraid' 'Ap4m1' 'Nup210' '2310001H17Rik' 'Smyd5' 'Clptm1'
 'Tlnrd1' 'Ate1' 'Cars2' 'Hook3' 'Vps37a' 'Slc7a6' 'mt-Nd3']",2.3390406935135135,9.55952380952381,5.266013064169582
79,79,24,"['Cul3' 'Srebf1' 'Gm12355' 'Ago2' 'Arsa' 'Zfp53' 'Fkbpl' 'Sec16a'
 'Mettl5os' 'Slc25a33' 'Aldh1b1' 'Tmem129' 'Tnrc18' 'Zc3hav1' 'St7'
 'Polr1a' '2810474O19Rik' 'Trim30a' 'Zfp668' 'Whamm' 'Rfwd3' 'Gins3'
 'Cep70' 'Wdr82']",0.9239216517500001,11.333333333333334,5.730037812557028
80,80,57,"['Dars2' 'Atp1b1' 'Bpnt1' 'Prmt2' 'Spdl1' 'Lgals9' 'Nfe2l1' 'Slc39a11'
 'Fancl' 'Gid4' 'Eno3' 'Tbcd' 'Itpk1' 'Bcl11b' 'Apopt1' 'Hist1h2an'
 'Ankra2' 'Smim15' 'Glt8d1' 'Fbxo34' 'Otulin' 'Gtf2h4' 'Stard4' 'Cdc25c'
 'Rbbp8' 'Capn1' 'Lzts2' 'Suv39h2' 'Rsu1' 'Spc25' 'Stau1' 'Fnbp4' 'Kiz'
 'Dhx36' 'Metap1' 'Mtfr1' 'Shc1' 'Cryz' 'Ccl27a' 'Car9' 'Gak' 'Dr1'
 'Ankrd26' 'Ahcyl2' 'Zyx' 'Tuba8' 'Ccdc91' 'Sphk2' 'Lat' 'Mylpf' 'Ckap2'
 'Gcdh' 'Tmem158' 'Cd3d' 'Anxa2' 'Elovl5' 'Taf1']",1.9049541558070175,14.378787878787879,7.773293034226845
81,81,42,"['Rgs1' 'Tmem14a' 'Taf1a' 'Slc35d3' 'Perp' 'Pgam2' 'Meis1' 'Polr2a'
 'Ccdc88a' 'Pqlc3' 'Wdr41' 'Dlgap5' 'Syngr1' 'Mgrn1' 'Cbr1' 'Wtap'
 'Zfp944' 'Slk' 'Nanos1' 'Spaca9' 'Ube2v1' 'Sapcd2' 'Rapsn' 'Plk4' 'Kif2c'
 'Mutyh' 'Limk1' 'Ythdc1' 'Mob1b' 'Smkr-ps' 'Emsy' 'Akt2' 'Wrn' 'Man2b1'
 'Gse1' 'Kmt2a' 'Slc25a20' 'Ccdc51' '2610002M06Rik' 'Maged2' 'Med12'
 'Smc1a']",1.8919808635,17.928571428571427,8.059599422871017
82,82,66,"['Clk1' 'Ipo9' 'Lyplal1' 'Aida' 'Ddx50' 'Med7' 'Mgat4b' 'Trim11' 'Tlcd2'
 'Inpp5k' 'Strn3' 'Foxn3' 'Slc35b3' 'Fam120a' 'Uimc1' 'Ppp3cb' 'Gch1'
 'Chd8' 'Sharpin' 'Ndufb9' 'Alg10b' 'Atp13a3' 'Fahd1' 'Epc1' 'Rbm4b'
 'Ganab' 'Ms4a4b' 'Kyat1' 'Aqr' 'Lrrc57' 'BC029722' 'Neurl2' 'Metap1d'
 'Mrgbp' 'Mllt11' 'Wdr3' 'Mysm1' 'Rnf11' 'Clic4' 'Kdm1a' 'Rraga' 'Hspb11'
 'Pef1' 'Eif4g3' 'Pank4' 'Vps33a' 'Nupl2' 'Chpf2' 'Anapc4' 'Tnpo3' 'Raf1'
 'Bms1' 'Dera' 'Ccdc97' 'Arhgef1' 'Ube3a' 'Ccdc90b' 'Pard6a' 'Klhl36'
 'Ubash3b' 'AU019823' 'Smad6' 'Nedd4' 'Dalrd3' 'Abhd5' 'Phf6']",2.508263905530303,16.344444444444445,9.83727111232684
83,83,46,"['Wdr75' 'Mrpl44' 'Hint3' 'Mknk2' 'Fbxo7' 'Prpsap2' 'Sertad2' 'Trappc1'
 'Pimreg' 'Smim5' 'Zfp385a' 'Fyb' 'Oxr1' 'Mpp7' 'Ldlrad4' 'Aldh18a1'
 'Pdhx' 'Mfap1a' 'Ubox5' 'Zcchc3' 'Fam98b' 'Arfgap1' 'Tsacc' 'Pbxip1'
 'Btf3l4' '2610301B20Rik' 'Mknk1' 'Crot' 'Ptpn12' 'Mmab' 'Guf1' 'Slain2'
 'Snrnp35' 'Nrf1' 'Actn4' 'Sh2b1' 'Ppfia1' 'Sars2' 'Mtg1' 'Rbpms' 'Neil3'
 'Nfrkb' 'Tfdp2' 'Faim' 'Dcaf1' 'Pnck']",2.363871784456522,14.885714285714286,6.63888468916025
84,84,21,"['Cbx4' 'Xrcc3' 'Ccnb1ip1' 'Trmu' 'Ttc3' 'Otub1' 'Cdc37l1' 'Tor1b'
 'Dnmt3b' 'Ddx20' 'Slc31a1' 'Rnf10' 'Clasrp' 'Zfp428' 'Isg20' 'Mettl9'
 'Ccdc130' 'Wdr83' 'Panx1' 'Dbr1' 'Qars']",2.790734116190476,14.265625,7.150447975476781
85,85,31,"['Mterf4' 'Kdsr' 'BC003331' 'Qsox1' 'Psen2' '1600002K03Rik' 'Tbxa2r'
 'Smim24' 'Msi2' 'Cbx8' 'Nampt' 'Hist1h2ac' 'Gtf2h2' 'Cdadc1' 'Vcl'
 'Haghl' 'Pbx2' 'Nmrk1' 'Baz2b' 'Atp8b4' 'Gm20721' 'Man1b1' 'Chp1' 'Ap5s1'
 'Fancg' 'Cenpc1' 'Fgl2' 'D6Wsu163e' 'Ccdc189' 'Mon1a' 'Ubp1']",1.2731943752903228,16.357142857142858,8.12978515050715
86,86,59,"['Serinc1' 'Klf16' 'Ap3d1' 'Pip4k2c' 'Tnfaip1' 'Dnmt3a' 'Zcchc6' 'Mocs2'
 'Hmgcs1' 'Prkcd' 'Zfp219' 'Ipo4' 'Gpalpp1' 'Pxk' 'Cab39l' 'Wdr70' 'Taf2'
 'Efr3a' 'Adck5' 'Poglut1' 'Smpd4' 'Hira' 'Rabl3' 'Usp25' 'D17Wsu92e'
 'Rasal3' 'Klc4' '1700066B19Rik' 'Rnf14' 'Men1' 'Ubtd1' 'Slc35c1' 'Blcap'
 'Gnai3' 'Tyw3' 'Ripk2' 'Akna' 'Nsun4' 'St3gal3' 'Atp13a2' 'Zfp512'
 'Orai1' 'Zc3hav1l' 'Tbxas1' 'Proser3' 'Phldb3' 'Eid2b' 'Zdhhc13' 'Nars2'
 'Gpat4' 'Tacc1' 'Naf1' 'Hmgxb4' 'Def8' 'Cmtm8' 'A230050P20Rik' 'Rwdd2a'
 'Armcx1' 'Gprasp1']",1.091494278559322,12.75,6.6735870943505615
87,87,26,"['Ube2t' 'Cnih4' 'Rab3ip' 'Bzw2' 'Wbp4' 'Ube2l3' 'Fyttd1' 'Tomm70a'
 'Nthl1' 'Prpf19' 'Rbm17' 'Emc4' 'Hnrnpa3' 'Pip5k1a' 'Gpr89' 'Acp6' 'Ufl1'
 'Zfp991' 'Zcchc8' 'BC037034' 'Tfpt' 'Cox6b2' 'Ap3s2' 'Kif22' 'Cenpn'
 'Slc37a4']",6.203249900230769,11.782051282051281,7.55862557035474
88,88,38,"['Vps4b' 'Cep290' 'Kat7' 'Cfl2' 'Mpp5' 'Ccar2' 'Trim35' 'Nadk2' 'Parn'
 'Mettl22' 'Ubash3a' 'Ehmt2' 'Wdr36' 'Gstp3' 'Ada' 'Tprn' 'Rabgap1'
 'Tdrkh' 'Slc31a2' 'Orc5' 'Gnb2' 'Rbm33' 'Tfip11' 'Gcn1l1' 'Aacs' 'Mob1a'
 'Tmem43' 'Zfp574' '9030624J02Rik' 'Zranb1' 'E230032D23Rik' 'Ikbkb'
 'Cyp4f18' 'Gm26532' 'Wdr6' 'Acvr2b' 'Rbm3' '1810030O07Rik']",1.2283010675263157,15.227272727272727,9.575175334372872
89,89,109,"['Vcpip1' 'Tram2' 'Uggt1' 'Kansl3' 'Nek7' 'Cdc73' 'Hlx' 'Ly96'
 'D730003I15Rik' 'Mtrf1l' 'Stxbp5' 'Fig4' 'Prdm4' 'Jmjd1c' 'Sumo3' 'Efna2'
 'Mdm1' 'Trim41' 'Derl2' 'Ovca2' 'Nlk' 'P3h4' 'Pecam1' 'Peli1' 'Zfp62'
 'Gas7' 'Slc43a2' 'Actn1' 'Susd6' 'Golga5' 'Slc25a47' 'Wdr37' 'Ice1'
 'Cdk20' 'Gm49032' 'Osgep' 'St3gal1' 'Tob2' 'Arfgap3' 'Retreg1' 'Fam118a'
 'Gramd4' 'Pfkm' 'Mlst8' 'Telo2' 'Ccdc167' 'Slc25a23' 'Rab12'
 'A930029G22Rik' 'C430042M11Rik' 'Zfp51' 'Cchcr1' 'Esco1' 'Rab27b' 'Rell2'
 'Mex3c' 'Sfxn4' 'Map4k2' 'Fads1' 'Slc15a3' 'Papss2' 'Slf2' 'Camk1d'
 'Fastkd1' 'Plxdc2' 'A330069E16Rik' 'Rpusd2' 'Slc27a2' 'Stk35' 'Spag4'
 'Nes' 'Gm16740' 'Tmem68' 'Wdr31' 'Tlr12' 'Otud3' 'Acer2' 'Gm13212' 'Fryl'
 'Tpcn1' 'Ccdc92' 'Ptcd1' 'Gm8879' 'Tmem168' 'Pot1a' 'Lrp6' 'Zfp775'
 'Leng9' 'Klc3' 'Fxyd1' 'Ercc2' '1110035H17Rik' 'Gas2' 'Efl1' 'Acadsb'
 'Dand5' 'Zfp958' '1700030K09Rik' 'Zfp821' 'Jrkl' 'Gramd1b' 'Rasa2'
 'Dhx30' 'Zbtb44' 'Tmem185a' 'Mageh1' 'Slc9a6' 'Pfkfb1' 'Phka2']",0.36844653705504593,,
90,90,50,"['Mgat4a' 'Coq8a' 'Brox' 'Hs6st1' 'Asb1' 'Tespa1' 'Borcs6' 'Tac4' 'Cnp'
 'Gm11738' 'Endov' 'Ttc8' 'Rab2b' 'Twf1' 'Maff' 'Tef' 'Pcnp' 'Ticam1'
 'Zfp54' 'H2-Ab1' 'Dtwd2' 'Adrb2' 'Mettl8' 'Slc39a13' 'Dcaf17' 'Dnajc10'
 'Polr1b' 'Ints3' 'Rap1gds1' 'Nsmaf' 'Kif24' 'Grrp1' 'Cptp' 'Cntln' 'Fggy'
 'Gm8890' 'Mblac1' 'Iqsec1' 'Zfp282' 'Slc25a26' 'Mypopos' 'Rasgrp4'
 'Klhl25' 'Fam168a' 'Tmem221' 'Fbxl8' 'Zfp26' 'mt-Co3' 'Mospd1' 'Rab33a']",0.4940376698,29.666666666666668,7.094598884597588
91,91,46,"['Aff3' 'Nab1' 'Rab17' 'Hsd11b1' '4930430F08Rik' 'Dgka' 'Bloc1s1'
 'Pip5k1c' 'Vps53' 'Cdc27' 'Fnip1' 'Aldoc' 'Rnd2' 'Cep95' 'L3hypdh'
 'Klf11' 'B3galnt2' 'Slc22a17' 'Gm4285' 'Tonsl' 'Alg12' 'Igf2bp2' 'Zbtb20'
 'Gm1976' 'Tmem181a' 'Qser1' 'Phtf1os' 'Tmem154' 'Dnajc16' 'Tmem64' 'Mdn1'
 'Gbp8' 'Iqce' 'N4bp2' 'Afp' 'Bid' 'M1ap' 'Fancd2' 'Atf5' 'Nup133'
 'Arhgef18' 'Sntb2' 'Maml2' 'Gm16124' 'Gpkow' 'Tfe3']",0.43238317410869564,32.666666666666664,2.5166114784235822
92,92,52,"['Aamp' 'Tcea1' 'Eif4ebp2' 'Atxn7l3b' '2310033P09Rik' 'Mrpl45' 'Nmt1'
 'Psen1' 'Riox1' 'Trmt61a' 'Pitrm1' 'Secisbp2' 'Ddx46' 'Mdp1' 'Dnajc21'
 'Zfr' 'Slc25a1' 'Ercc4' 'Cd47' 'Cdc42ep3' 'Spsb3' 'Ddx39b' 'Impa2'
 'Rpl17' 'Scyl1' 'Mrpl16' 'Prpf40a' 'Chtop' 'Psmb4' 'Zmpste24' 'Stx12'
 'Rmdn1' 'Grhpr' 'Rcc2' 'Rac1' 'Nub1' 'Nrbp1' 'Impdh1' 'Dusp11' 'Usp5'
 'Nr1h2' 'Sec11a' 'Eif3f' 'Tfdp1' 'Ap1m1' 'Nudt7' 'Etfa' 'Elp6' 'Tbc1d25'
 'Upf3b' 'Tmsb15b1' '1110012L19Rik']",9.681605864192308,15.172348484848486,5.977952540676152
93,93,47,"['Sgk3' 'Trmt1l' 'Cd68' 'Nsrp1' 'Stard3' 'Adck1' 'Tubb2a' 'Ctsl' 'Slf1'
 'Hexb' 'Gpbp1' 'Nisch' 'Fbxl6' 'Tst' 'Arl13b' 'Mis18a' 'Cluap1' 'Alg1'
 'Sod2' 'Gpatch11' 'Riok3' 'Fam69b' 'Aar2' 'Ogfr' 'Mbnl1' 'Slc35a1'
 'Creb3' 'Qdpr' 'Babam2' 'Fip1l1' '2210016L21Rik' 'P2rx4' 'Sumf2' 'H1fx'
 'Crbn' 'Kcnq1ot1' 'Josd2' 'Far1' 'Rfxank' 'Abce1' 'Nae1' 'Map1s' 'Lysmd2'
 'Gmppb' 'Mpp1' 'Stag2' 'Ogt']",3.870410087361702,14.971491228070175,8.556039354038111
94,94,34,"['Mrpl15' 'Lactb2' 'Idh1' 'Rgs18' 'Mettl18' 'Sell' 'Usf1' 'Spag7' 'Suz12'
 'Atxn3' 'Rpl37' 'Litaf' 'Klhl22' 'Stk19' 'Lmf1' 'Nelfe' 'Epb41l4aos'
 'Wdr34' 'Yme1l1' 'Arl6ip6' 'Mocs3' 'Lxn' 'Rpp25l' 'Dph2' 'Sfpq' 'Prkrip1'
 'Denr' 'Rpia' 'Luc7l2' 'Dhcr7' 'Galns' 'Sin3a' 'Vma21' 'Gm47283']",7.354818459029412,13.615,6.869542905594285
95,95,31,"['Ikzf2' 'Lrrc52' 'Stat4' 'Stat1' 'Fam117b' 'Phlda3' 'Ncoa7' 'Usp15'
 'Rundc1' 'Serpinb6a' 'Cast' 'Hist1h2bg' 'Ptk2b' 'Fam149b' 'Csad'
 'St3gal6' 'Ms4a6b' 'Ecm1' 'Ubqln4' 'Notch2' 'Khdrbs1' 'Tmem40' 'Relb'
 'Atg16l2' 'Itgal' 'Galnt7' 'Adgre5' 'Myo9b' 'Cyp11a1' 'Dapk2' 'Zfx']",1.0706339643548388,31.11111111111111,3.48010216963685
96,96,50,"['Stau2' 'Mdm4' 'Slc25a16' 'Gm17745' 'Atp5b' 'Pld6' 'Myadml2' 'Gal3st1'
 'Mprip' 'Ppm1d' 'D11Wsu47e' 'Engase' 'Foxk2' 'BC022687' 'Elmo1'
 '5033430I15Rik' 'Rnase12' 'Slc25a37' '1810011H11Rik' 'Naa30' 'Soat2'
 'Eef1akmt4' 'Opa1' 'Dynlt1a' 'Srbd1' 'Fam160b1' 'Stam' 'Armc3' 'Pnpla7'
 'Lsm14b' 'Cpb1' '4932438A13Rik' 'Noct' 'Rpl11' 'Pomgnt1' 'Padi2' 'Dhx37'
 'Drc1' 'Mthfd2l' 'Zbed5' 'Dennd5b' 'Smg1' 'Ndn' 'Plvap' 'Agpat5' 'Acsl1'
 'Otud4' 'Heatr3' 'Nfatc3' 'Pkm']",4.9298159605,17.0,8.276472678623424
97,97,30,"['Man1a' 'Ggt1' 'Dhx58' 'Btbd7' 'Fam35a' 'Homez' 'C1qtnf6' 'Ppp1r10'
 'Fem1a' 'Fbxo38' 'P2rx3' 'Odf2' 'Usp8' '1700113A16Rik' 'Ttf2' 'Ptbp2'
 'Golph3l' 'Gbp7' 'Gpr162' 'Bhlhe41' 'Fah' 'Nfatc2ip' 'Fgf15' 'Crispld2'
 'Birc2' 'Pts' 'Tle3' 'Rpl29' 'AC149090.1' 'Enox2']",0.8468743086333332,17.333333333333332,12.722683155162935
98,98,32,"['Agfg1' 'Kifap3' 'Cep57l1' 'Poc1b' 'A730063M14Rik' 'Igf2bp1' 'Fdxr'
 'Asb3' 'Btbd6' 'E2f3' 'Fbxw17' 'Cenpk' 'Anxa7' 'Parp2' 'Ankrd46'
 'Gm20324' 'Larp4' 'Ppp1r2' 'E4f1' 'Nudt3' 'Rab26os' 'Smc5' 'Taf5' 'Hacd1'
 '1810024B03Rik' 'Dstn' 'Bcl9' 'Otud6b' 'Mllt3' 'Trit1' 'Ptdss2' 'Zc3h18']",1.86451984996875,15.144444444444444,5.621975965495918
99,99,38,"['Coa5' '2310035C23Rik' 'Rab29' 'Gcc2' 'Pemt' '1700052K11Rik' 'Mbtd1'
 'Pnpla8' 'Hist1h3b' 'Dpysl2' '1810041H14Rik' 'Btd' 'Tm9sf2' 'Kansl2'
 'Rarg' 'Arid2' 'Ppm1f' 'Lemd2' 'Pura' 'Syvn1' 'Ptar1' 'Sfxn3' 'Cse1l'
 'Osbpl2' 'B4galt1' 'Fgr' '4930522L14Rik' 'Uso1' 'Tbl2' 'Zfp212' 'Tnks'
 'Ttc13' 'Ube2cbp' 'Tmem123' 'Ilf3' 'Mtfmt' 'Stk26' 'Eif2s3y']",1.1733723368947369,21.833333333333332,6.575897219575762
100,100,66,"['Plekhb2' 'Rufy4' 'Ascc3' 'Ranbp2' 'Rnf185' 'Fam171a2' 'Fam71b' 'B9d1'
 'Rhot1' 'Hspa2' 'Cipc' 'Mark3' 'Hmgcr' 'Fcho2' 'Bicd2' 'Mblac2' 'Ubr5'
 'Sun2' 'Fbln1' 'Rrn3' 'Heg1' 'Ptk7' 'Ubr2' 'Kank3' 'Runx2os1' 'Ercc3'
 'Tm7sf2' 'Ccdc88b' 'Arhgap19' 'Osbp' 'Jak2' 'Camsap1' 'Cep152' 'Trpc4ap'
 'Gm27003' 'Tbc1d20' 'Cbfa2t2' 'Eya2' 'E130311K13Rik' 'Sema4a' 'Hs2st1'
 'Ash1l' 'Cdk5rap2' 'Gatad1' 'Fbxw8' 'Gtf2ird1' 'Mn1' 'Myl10' 'Il17ra'
 'Ccdc9' 'Btbd10' 'Tmem86a' 'Aen' 'Med26' 'Dhodh' 'Ccl25' 'Acsf3'
 'Plekho2' 'Tln2' 'Tcf12' 'Ppp2r3a' 'Nbeal2' 'Slc35f2' 'Dpp8' 'Gm17399'
 'Arhgef6']",0.587338010439394,14.0,
101,101,76,"['Abi2' 'Sdccag8' 'Zufsp' 'Zbtb24' 'Eea1' 'Prr11' 'Stxbp4' 'Gm16062'
 'Arhgap5' 'Sipa1l1' 'Prss16' 'Zmiz1' 'Rnf31' 'Arl6' 'Ifnar2'
 '1700001C19Rik' 'Gm26510' 'Arid1b' 'Snx9' 'Rprd1a' 'Cdc23' 'Nr3c1'
 'Gm4950' 'Smad7' 'Lrfn4' 'Cacul1' 'Stambpl1' 'Hif1an' 'Myef2' 'Gabpb1'
 'Fitm2' 'Bcas1' 'Nsmf' 'Epc2' 'Gabpb2' 'Strip1' 'Cyb561d1' 'Ythdf3'
 'Pik3ca' 'Mef2d' 'Tbck' 'Mcoln2' 'Ipo13' 'Rcan3' 'Miip' 'Tgfbr1' 'Mrpl20'
 'Gtpbp10' 'Gnpda2' 'Tmed5' 'Cit' 'Ica1' 'Wdr91' 'Herc6' 'Slc41a3'
 '4931406P16Rik' 'Uvrag' 'Fam53b' 'Rexo5' 'Il4ra' 'Alg11' 'Hook2' 'Rbl2'
 'Smad3' 'Zwilch' 'Slc17a5' 'Snx14' 'Tcta' 'Msantd4' 'Sesn3' 'Bcl9l'
 'Fam214a' 'Cmtm6' 'Akap17b' 'Abcb7' 'Usp11']",0.5785070809078947,20.2,9.5236547606473
102,102,51,"['Gm38037' 'Capn10' 'Itpkb' 'Ppm1h' 'Cnrip1' 'Msl1' 'Wipf2' 'Armc7'
 'Abcd4' 'Spata7' 'Msh3' 'Zfyve16' 'B430218F22Rik' 'Cyhr1' 'Zc3h7a' 'Ltn1'
 'Pkp2' 'Klhl24' 'B630019A10Rik' 'Mrps6' 'Capn15' 'Ermard' 'Zbtb14'
 'Ap5b1' 'Sox12' 'Traf6' 'Kif18a' 'Stx16' 'Mov10' 'Atp11b' 'Larp1b'
 'Odf2l' 'Ankrd13c' 'Zmym4' 'Mfn2' 'Eps15' 'Sh3bp2' 'Bmp2k' 'Tfr2'
 'Atf7ip' 'Wdr62' 'Cyp2r1' 'Anapc15' 'Rpgrip1l' 'Exoc8' 'Asb5' 'Nicn1'
 'Gk' 'Kif4' 'Gpr174' 'Armcx4']",0.39104583652941177,24.0,8.12403840463596
103,103,14,"['Utp20' 'Spns2' 'Tob1' 'Asap2' 'Mcm4' 'Nxpe3' 'C2cd2' 'Prr5l'
 '4632415L05Rik' 'Snx8' 'Galnt11' 'Zfp384' 'Terf2' 'Urb2']",0.5721963888571429,29.0,
104,104,35,"['Pno1' 'Wdr92' 'Mmd' 'Smc6' 'Actr10' 'Pde12' 'Hnrnpc' 'Rgcc' 'Rps24'
 'Gm10076' 'Slc48a1' 'Riox2' 'U2af1' 'Taf8' 'Tbcc' 'Srfbp1' 'Fth1' 'Surf1'
 'Slc35c2' 'Dtd1' 'Mrps28' 'Plekhf2' 'Cdc26' 'C1qtnf12' 'Zfp513' 'Chic2'
 'Taf6' 'Dtx2' 'Mtmr14' 'Jagn1' 'Rrp8' 'Map4k1' 'Mri1' 'Adam10' 'mt-Nd1']",14.365583567742856,13.775862068965518,7.1034763820578934
105,105,25,"['Slc16a10' 'Atg5' 'Icam2' 'Stk24' 'Mrpl13' 'Mfng' '2310061I04Rik'
 'Chaf1a' '2700062C07Rik' 'Pcgf6' 'Edem2' 'Trp53rka' 'Nudt5' 'B2m' 'Mtx1'
 'Mrps21' 'Cers2' 'Ubap2' 'Inip' 'Ssu72' 'Tmem248' 'Tamm41' 'Cnep1r1'
 'Ndufb11' 'Vbp1']",10.759507724479999,14.039473684210526,4.794573870167319
106,106,32,"['Ogfrl1' 'Lta4h' 'Rpl23a' 'Slc25a19' 'Prpsap1' 'C1d' 'Tdp1' 'Nfil3'
 'Ube2e1' 'Rnf219' 'Cyb5r3' 'Nsmce2' 'Mfsd5' 'Klhdc3' 'Isoc1' 'Drap1'
 'Nxf1' 'Tmem230' 'Prelid3b' 'Dync1i2' 'Sike1' 'B3galt6' 'Arpc1a' 'Spr'
 'Sdhaf3' 'Thumpd1' 'Tsen34' 'Clns1a' 'Polb' 'Nktr' 'Lage3' 'Hmgn5']",11.278358478062499,15.799479166666666,7.0407117242350825
107,107,41,"['Fam207a' 'Eftud2' 'Rhbdd3' 'Larp1' 'Rpp40' 'Papd4' 'Nsa2' 'Trappc13'
 'Saysd1' 'Ngdn' 'Med4' 'Zc3h13' '9130401M01Rik' 'Rangap1' 'Ccdc58'
 'B230307C23Rik' 'Tgif1' 'Memo1' 'Uck1' 'Rbm18' 'Orc4' 'Rbck1' 'Wdr5'
 'Mrps5' 'Crls1' 'Dnajc5' 'Fdps' 'Rcc1' 'Pgm2' 'Snip1' 'Haus3' 'Crlf2'
 'Coro1c' 'Ppp1cc' 'Golt1b' 'Nudt19' 'Snrnp70' 'Copb1' '2410002F23Rik'
 'Thyn1' 'Tbl1x']",5.060021595317073,11.80921052631579,4.578597385066835
108,108,45,"['Dusp23' 'Bzw1' 'Vps26a' 'Rexo1' 'Vmp1' 'Rab5c' 'Zmat5' 'Rnft1' 'Rab37'
 'Wdcp' 'Rab24' 'Fars2' 'B230219D22Rik' 'Pdhb' 'Gmfb' 'Dcaf11' 'Nudt18'
 'Rad21' 'Lgals1' 'Ubald1' 'Eef2kmt' 'Stub1' 'Mrpl28' 'Ccny' 'Pten' 'Esf1'
 'Rrbp1' 'Zfp639' 'Ppm1j' 'Lrrc42' 'Ube2r2' 'Leprot' 'Eri3' 'Ttyh3'
 'Ogfod2' 'Lsm8' 'Edem1' 'H2afj' 'Hbb-bs' 'Tpp1' 'Tnrc6a' 'Ddx19a' 'Setd6'
 'Banp' '5430427O19Rik']",8.418488834266666,14.525,5.109004117919957
109,109,25,"['Cop1' 'Gpatch2' 'Cep85l' 'Kcnmb4' 'Ccdc85c' 'Gpr132' 'Zfp85' 'Gm47754'
 'Jarid2' '1810062O18Rik' 'Ttc38' 'Vars2' 'Gtpbp2' 'Secisbp2l' 'Dpm1'
 'S100a6' 'Camk2d' 'Wdtc1' 'Ube3b' 'Mettl27' 'Itpr2' 'Klhdc10' 'Tmem135'
 'Tmco3' 'Pias1']",0.47536267544,3.0,
110,110,55,"['Prdx6' 'Lipt1' 'Rps12' 'E130307A14Rik' 'Pcbp3' 'Abhd17a' 'Nus1' 'Tgtp2'
 'Txndc17' 'Tspan13' 'Ccdc88c' 'Ldah' 'Fos' 'Thoc7' 'Psmd6' 'Dnajc15'
 'Fam105a' 'Cct5' 'Cmss1' 'Cggbp1' '4833418N02Rik' 'Ppp2r1a' 'Myo1f'
 'Cebpzos' 'Gramd3' 'Sec11c' 'Arl3' 'Pold4' 'Fam45a' 'Spopl' 'Slc25a12'
 'Cops2' 'Uqcc1' 'Ncoa5' 'Ak1' 'Blvra' 'Cox4i2' 'Tpd52l2' 'Cnn3' 'Zyg11b'
 'Adprhl2' 'Sbds' 'N4bp2l2' 'Golga3' 'Tex261' 'Mcm2' 'Snrpg' 'Etv6'
 'Zfp36' 'Tial1' 'Ilk' 'Erlin2' 'Anapc10' 'Rpl39' 'Rlim']",9.667720567818181,14.814705882352941,7.101359433455636
111,111,26,"['Erlec1' 'Hspa4' 'Pnpo' 'Ccdc47' 'Eif1' 'Sept9' 'Acp1' 'Exoc3' 'Txndc15'
 'Psmb8' 'Kctd1' 'Ppp1r14b' 'Rbm43' 'Apbb1ip' 'Gpd2' 'Romo1' 'Taf13'
 'Tpm2' 'Prpf4' 'Grpel1' 'Rbpj' 'Scaf1' 'Dctn5' 'Ash2l' 'Rab8a' 'Cox5a']",15.357031700076927,17.952380952380953,6.497893431537566
112,112,42,"['A130010J15Rik' 'Il4' 'Socs3' 'Ykt6' 'Pus10' 'Appbp2os' 'Synj2bp'
 'Ranbp9' 'Card19' 'Mtrr' 'Mccc2' 'Higd2a' 'Tpm3-rs7' 'Tmem186' 'Cblb'
 'Glo1' 'Adamts10' 'Trip10' 'Ppp1r21' 'Dpf2' 'Cnnm2' 'Cwc22' 'Nmt2'
 'Stard9' 'Arfip1' '1700040D17Rik' 'Henmt1' '4930555A03Rik' 'C1qb' 'Rab28'
 'Ccni' 'Gm6598' 'Gpr19' 'AI854703' 'Tigd2' 'Eif3k' 'Ffar2'
 '1700028J19Rik' 'Zfp84' 'Gm5914' 'Dda1' 'Tmem115']",3.220525837285715,18.444444444444443,7.348927405188733
113,113,108,"['Ing5' 'Glrx2' 'Cfap126' 'Copa' 'Tube1' 'Aes' 'Washc3' 'Zfc3h1' 'Tmed4'
 'Pex13' 'Il9r' 'Gm12166' 'Flcn' 'Wrap53' 'Rad51d' 'Epop' 'Polg2' 'Recql5'
 'Phf23' 'Hexim2' 'Chmp6' 'Snx6' 'Zbtb25' 'Ighv1-23' 'Rasa1' 'Gm6169'
 'Asb13' 'Zfp184' 'Ftl1-ps1' 'Gm30054' 'Xpo4' 'Chmp7' 'Trdc' 'Ccdc122'
 'Ddx23' 'Lppos' 'Ubn1' 'Rpl39l' 'Snx4' 'Phf10' 'Zfp213' 'AC127341.3'
 'Axin1' 'Mut' 'Cndp2' 'Rps6kb2' 'Ssh3' 'Ints5-1' 'Dmrt1' 'Cutc' 'Slc2a8'
 'Wdsub1' 'Tfpi' 'Rmdn3' 'Cdan1' 'Gm14029' 'Surf2' 'Bub1b' 'Tmem87b'
 'Pgrmc2' 'Naxe' 'Slc25a44' 'Sars' 'Trmt13' 'Hltf' 'Gfm1' 'Dpm3' 'Alg14'
 'Gba2' 'Dmac1' 'Tmem268' 'Hadha' 'Fam53a' 'Smim14' 'Ankrd17'
 '1110006O24Rik' 'Zdhhc4' 'Hadhb' 'Nipsnap2' 'Ncapd2' 'Capza2' 'Mogs'
 'Vmn2r26' 'Mgst1' 'Isoc2b' 'Dhx34' 'Sdhaf1' 'Iqgap1' 'Echs1' 'Gatd1'
 'Leng8' 'Ints4' 'Frg1' 'Itfg1' '2610044O15Rik8' 'Nat2' 'Tmem38a' 'Cmtm3'
 'Birc3' 'Acad8' 'Vps26b' 'Zfp949' 'Exog' 'mt-Nd4' 'mt-Nd5' 'Zrsr2' 'Nkap'
 'Zbtb33']",4.135500424666667,15.583333333333332,5.955232428852272
114,114,35,"['Dusp10' 'Prkca' 'Fbf1' '9530068E07Rik' 'AK157302' 'Ccdc127' 'Zfp503'
 'Spata13' 'Zfp251' 'Pla2g6' 'BC002059' 'Zfp983' 'Npc1' 'Gtdc1' 'Elp4'
 'Elmo2' 'Slc20a1' 'Inpp5b' 'Helq' 'Pon3' 'Rbsn' 'Recql' '2810454H06Rik'
 'Zfp764' 'Opa3' 'Cd163l1' 'Psmd13' 'Wwc2' 'E030037K01Rik' 'Rps27rt'
 'AC160562.1' 'Zfp280d' 'Xrn1' 'Fam122b' 'Rbmx']",0.9515541089428571,19.166666666666668,4.536885862938733
115,115,151,"['Phf3' 'Bag2' 'Bcl2' 'Dbi' 'Hnrnpu' 'AC153891.1' 'Marcks' 'Tet1'
 'Hsp90b1' 'Os9' 'Nabp2' 'Chchd10' 'Ube2g2' 'Arid3a' 'Lrrc75a' 'Nle1'
 'Eif4a3' 'Fxr2' 'Tubg1' 'Rpl27' 'Slc25a10' 'Ywhaq' 'Egln3' 'Eapp' 'Wars'
 'Nubpl' 'Dcaf4' 'Gstz1' 'Ncapg2' 'Hist1h2ak' 'Hist1h2ag' 'Dtnbp1' 'Cdk7'
 'Snrnp48' 'Mrpl36' 'Zbed3' 'Gm5086' 'Rpl15' 'Mrps16' 'Mzt1' 'Rpgrip1'
 'Pabpc1' 'Azin1' 'Eif3h' 'Trappc9' 'Eny2' 'Nol12' 'Selenoo' 'Atf1'
 'Klhl6' 'Alg3' 'Psmb1' 'Flywch1' 'Ndufb10' 'Ly6g5b' 'Abcf1'
 '2410015M20Rik' 'Chd1' 'Riok2' 'Mettl26' 'Fgd2' 'Dhx16' 'Mrps10'
 'Ndufa11' 'Ppp4r1' 'Osbpl1a' 'Cep76' 'Rbfa' 'Mapre2' 'Atp5a1' 'Snx15'
 'Bbip1' 'Fau' 'Znhit2' 'Atl3' 'Abhd17b' 'Cdc123' 'Mrpl41' 'Zdhhc12'
 'Psmb7' 'Cytip' 'Hsd17b12' 'Commd7' 'Timm10' 'Dlgap4' 'Rps3a1' 'Snx27'
 'Ostc' 'Ndufb5' 'Hspa4l' 'Cdc42se1' 'Dram2' 'Coro2a' 'Zdhhc21' 'Acot11'
 'Rad54l' 'Gmeb1' 'Minos1' 'Park7' 'Tmem55a' 'Faf1' 'Eif2b3' 'Trappc3'
 'Zbtb8os' 'Sdf4' 'Dhx15' 'Sh2b3' 'Srrt' 'Ube2k' 'Tchp' 'Srsf9' 'Foxk1'
 'Lsm5' 'Pradc1' 'Gmcl1' 'Rpl32' 'Ccdc77' 'Cbx3' 'Ppp6r1' 'Supt5' 'Mrps12'
 'Klf13' 'Taf10' 'Ppp4c' 'Ino80e' 'Zfp688' 'Kmt5c' 'Rps5' 'Trim28'
 'Pih1d1' 'Clpb' 'Ctr9' 'Pgghg' 'Coprs' 'Mast3' 'Lsm1' 'Gtf2e2' 'Mvb12a'
 'Orc6' 'Cep295' 'Foxred1' 'Hacd3' 'Lactb' 'Mthfsl' 'Abhd14a' 'Smarca4'
 'Rdx' 'Rab27a' 'Utp14a' 'Hprt' 'Apoo']",12.015304778913906,15.717125382262997,7.2171369057854085
116,116,72,"['Eloc' 'Rnpep' 'Uck2' 'Ndufs2' 'Nvl' 'Rrp15' 'G0s2' 'Sp140' 'Fam174a'
 'Lss' 'Vrk2' 'Abr' 'Evi2a' 'Pcyt2' 'Myo18a' 'Fkbp1b' 'Mbip' 'Timm9'
 'Npc2' 'Laptm4a' 'Arid4a' 'Isca2' 'Psmc1' 'Papd7' 'Tmem14c' 'Rnase4'
 'Rcbtb2' 'Fam49b' 'Poldip3' 'Sqle' 'Ly6e' 'Exosc4' 'Mkl2' 'Wdr5b'
 'Slc22a3' 'AI413582' 'Nrtn' 'Ralbp1' 'Tcp1' 'Slc35a4' 'Eno1b' 'Cfl1'
 'Cyb561a3' 'Celf2' 'Ehd4' 'Top1' 'Fcgr1' 'Sort1' 'Gm13205' 'Vps37b'
 'Ap1s1' 'Actb' 'Sri' 'Copg1' 'Fxyd7' 'Acer3' 'Zscan22' 'Selenos' 'Il21r'
 'Msmo1' 'Ndufa13' 'Bst2' 'Rln3' 'Mcoln1' 'Klf1' 'Rec114' 'Tgfbr2'
 'Ccdc82' 'Siae' 'Fam219b' 'Cfp' 'Elf4']",10.464571158958332,14.536585365853659,6.164133736012477
117,117,58,"['Pou2f1' 'Tagln2' 'Fyn' 'Dna2' 'Timeless' 'Sarnp' 'Ugp2' '0610010K14Rik'
 'Ints2' 'Cyth1' 'Psmc5' 'Ighv1-82' 'Pnn' 'Fancm' 'Cnih1' 'Prmt5' 'Dcp1a'
 'Tcp11' 'Wdr4' 'Tjap1' '1110020A21Rik' 'Dynlt1c' 'Phf1' 'Matr3' 'Tcerg1'
 'Ccdc186' 'Mfsd13a' 'Mindy3' 'Abi1' 'Uap1l1' 'Pced1a' 'Apmap' 'Galk2'
 'Itpa' 'AI504432' 'Kdf1' 'Prkab1' 'Slc46a3' 'Gm26515' 'Gpn3' 'Tpst1'
 'Amz1' 'Clec4e' 'Tax1bp1' 'Arl8b' 'Zfp954' 'Usf2' 'E2f8' 'Gga2' 'Ndufab1'
 'Zfp444' 'Lig1' 'Exosc5' 'Edrf1' 'Nob1' 'Fundc1' 'Bcap31' 'Nono']",6.145780160999999,16.85135135135135,5.683496764211459
118,118,103,"['Tor3a' 'Rasal2' 'Marc2' 'Gin1' 'Tnni1' 'Pex19' 'Aig1' 'Pdxk' 'Mterf2'
 'Cry1' 'Lims1' 'Pttg1ip' 'Fam58b' 'Usp36' 'Sirt7' 'Ccm2' 'Skp1a' 'Jmjd4'
 'Phf12' 'Poldip2' 'Spop' 'BC030867' 'Prkar1a' 'Nup85' '2700097O09Rik'
 'Pygl' 'Itsn2' 'Rin3' 'Crip1' 'Eci2' 'Golm1' 'Uqcrb' 'Bdp1' 'Srek1'
 'Rtraf' 'Eaf1' 'Oxnad1' 'Reep4' 'Dok2' 'Sucla2' 'Esd' 'Nufip1' 'Ubac2'
 'Cbx5' 'Pfdn5' 'Lsg1' 'Pak2' 'Tfg' 'Rpl24' 'Dynlt1f' 'Traf7' 'Uqcc2'
 'Prr3' 'Mllt1' 'Hagh' 'Flot1' 'Ccdc85b' 'Pum3' 'Zfp518a' 'Sla2' 'Mapkap1'
 'Itga4' 'Cd59a' 'Tmem69' 'Rps8' 'Sfn' 'Pnisr' 'Ube2j1' 'Fhl3' 'Dnajc8'
 'Ctbp1' 'Ociad2' 'Rfc5' 'Aimp2' 'Ywhah' 'Mrps18c' 'Rfc2' '2610001J05Rik'
 'Tspan9' 'Arf5' 'Trbc2' 'Malsu1' 'Pdcd2l' 'Dpy19l3' 'Uevld' 'Rps15a'
 'Nap1l4' 'Rps19' 'Kctd13' 'Ankrd37' 'Zfp868' 'Champ1' 'Hpf1' 'Arl2bp'
 'Angptl6' 'Nrgn' 'Rplp1' 'Map2k1' 'Cwc15' 'Fxyd2' 'Lrrfip2' 'Trmt2b'
 'Smim10l2a']",13.956629079029126,16.744791666666668,5.964546100516382
119,119,21,"['Ralb' 'Gm48551' 'Gm45606' 'Acox1' 'Polr3g' 'Ccdc66' 'Kif13b' 'Tnfrsf10b'
 'Coro7' 'Tnp2' 'H2-Aa' 'Fam120b' 'Itpr3' 'Haus6' 'Il11ra1' 'Tal1'
 'Gdpgp1' 'Mb21d1' 'Bcl2a1d' 'Npat' 'Ribc1']",0.3162663798095238,,
120,120,106,"['Hdlbp' 'Ddx18' 'Prrc2c' 'Hsd17b7' 'Unc50' 'Rmnd1' 'Rnf146' 'Katna1'
 'Ppil4' 'Abca7' 'R3hdm2' 'Cdc42se2' 'Alox15' 'Appbp2' 'Srp68' 'Bcl11a'
 'Fbxw11' 'Tbc1d9b' 'Rpain' 'Mrm3' 'Mettl23' 'Lrrc45' 'Baz1a' 'Pigh'
 'Rdh11' 'Atg2b' 'Ccnk' 'Gtpbp4' 'Gpr141' 'Gm11273' 'Sdha' 'Tars' 'Eef1d'
 '5031439G07Rik' 'Slc38a2' 'Hgh1' 'Gga1' 'Ep300' 'Gm4737' 'Mapk1' 'Ifnar1'
 'Tmem242' 'Zfp871' 'Rpl10a' 'Rpl36' 'Lars' 'Ythdc2' 'Kat5' 'Psat1'
 'Actr1a' 'Bscl2' 'Carnmt1' 'As3mt' 'Ubac1' 'Rab14' 'Edf1' 'Rtf1' 'Manbal'
 'Pigt' 'Rbm38' 'Nelfcd' 'Ufm1' '2810403A07Rik' 'Ppp3ca' 'Txn1' 'Iqcc'
 'Ythdf2' 'Ppp1r8' 'Rer1' 'Isg15' 'Nfx1' 'Pabpc4' 'Mepce' 'Pex1' 'Ccdc18'
 'Vps29' 'Lrch4' 'Cep41' 'Abcg2' 'Suclg1' 'Ube2s' 'Nop53' 'Spint2' 'Tbcb'
 'Psma1' 'Cdr2' 'Coro1a' 'Irf2bp1' 'Mak16' 'Tma16' 'Gm11175' 'Haus8'
 'Chmp1a' 'Arhgef7' 'Ufsp2' 'Cope' 'Lrrc25' 'Farsa' 'Herpud1'
 'D230025D16Rik' 'Sec22c' 'Acaa1a' 'Vamp7' 'Sept6' 'Armcx6' 'Tsr2']",8.876908856132076,17.036616161616163,7.622870009182709
121,121,25,"['Ncoa2' 'Sumo1' 'Nbeal1' 'Atg16l1' 'Vamp4' 'Suox' 'Tspyl4' 'Ccdc117'
 'Xylt2' 'Tbc1d16' '6230400D17Rik' 'Colq' 'Mettl4' 'Zfp959' 'Atp9b' 'Ubr1'
 'Ninl' 'Nkain1' 'Kcnh2' 'A630072M18Rik' 'Slc4a1ap' 'D130017N08Rik'
 'Zfp655' 'Hebp1' 'Smo']",0.38356075412,17.0,
122,122,30,"['Dnajb3' 'Polm' '2810408A11Rik' 'Kif18b' 'Kansl1' 'Faap100' 'Ccnjl'
 'Xaf1' 'Bahcc1' 'Ppp2r5c' 'BC147527' 'Zc3h3' 'Prkaa1' 'Ano6' 'Usf3'
 'Decr2' 'Pknox1' '1810009A15Rik' 'Patl1' 'Abcd3' 'Otud7b' 'Fam76a' 'Pan3'
 'Hoxa9' 'Usp18' 'Pidd1' 'Ipo7' 'Mmaa' 'Nfix' 'Limd1']",0.6785923587666667,18.428571428571427,7.186678763403275
123,123,16,"['Bard1' 'Helb' 'Ube2o' 'Lig3' 'Hoxb4' 'Adam11' 'Pomc' 'Slc2a6' 'Slc24a5'
 'Gm14327' 'Pdlim5' 'Txnip' 'Psmg3' 'Mcph1' 'St3gal2' 'Lrrc1']",0.4206930496875,,
124,124,42,"['Kctd18' 'Sp100' 'Slc35f5' 'Foxo3' 'Elane' 'Zfp672' 'Ccl6' 'Tax1bp3'
 'Cd300a' 'Smim6' 'Ttc7b' 'Bmp4' 'Kctd12' 'Hesx1' 'Asap1' 'Tuba1a' 'Acap2'
 'Gtf2e1' 'Tnk2' 'C030034I22Rik' 'Camk2a' 'Lrp5' 'Ms4a4c' 'Ms4a6c' 'Zer1'
 'Cd2' 'Zfp979' 'Clip1' 'Abcb1b' 'Insig1' 'Lfng' 'Gm26699' 'Mansc1' 'Irf5'
 'Lancl2' 'Erf' 'Dennd5a' 'Zfp592' 'Zfp963' 'Rnf123' 'Bcl2a1b' 'Clasp2']",0.5015770255714286,8.8,9.025361092895
125,125,27,"['Traf5' 'Plxnc1' 'Slc35e4' 'Slc16a13' 'Hmbox1' 'Fbxo32' 'Dtx3l' 'Fbxo11'
 'B230354K17Rik' 'Ddx11' 'Gnaq' 'Dpp7' 'Dido1' 'Itih5' 'Tbc1d2' 'Prdm2'
 'E130308A19Rik' 'Kif17' 'Gm19590' 'Klhl5' 'D930016D06Rik' 'Dcun1d3'
 'Hddc3' 'Primpol' 'Adcy7' 'Gm39469' 'Casp1']",0.29602481233333333,,
126,126,56,"['Fam229b' 'Slc29a3' 'Nfic' 'Ankrd24' 'Ccng1' 'Pip4k2b' '1810032O08Rik'
 '2410018L13Rik' 'Gon7' 'Snhg10' 'Mfsd14b' 'Zfp58' 'Hist1h2bb' 'Parg'
 '6030458C11Rik' 'Stk3' 'Rrm2b' 'Pacsin2' 'Cpq' 'Spats2' 'Zfp740' 'Cpped1'
 'Crkl' 'Khsrp' 'Dhx57' 'Thada' 'Dmxl1' 'Pcnx3' 'Sfxn2' 'Trdmt1' 'Zbtb43'
 'Rpap1' 'Tasp1' 'Srxn1' 'Pcmtd2' 'Agl' 'Pias3' 'Padi4' 'Tmem201' 'Acap3'
 'Usp46' 'Mapkapk5' 'Agap3' 'Ube3c' 'Nat8l' 'Rufy3' 'Pole' 'Retsat'
 'Plaur' 'Lamtor1' 'Cog8' 'Adat1' 'Kat6a' 'Cks1brt' 'Gan' 'Usp9x']",0.4111203627857143,,
127,127,70,"['4930558J18Rik' 'St8sia4' 'Lax1' 'Inpp5d' 'Ppp1r15b' 'Ddx59' 'Map7'
 'Epb41l2' 'Arhgap18' 'Specc1l' 'Rnf215' 'Zkscan6' 'Ppp4r3a' 'Fam49a'
 'Prpf39' 'Gphn' 'Slc39a9' 'Gm49359' 'Tnpo1' 'Ccser2' 'Kat6b'
 '2310068J16Rik' 'Gsdmd' 'C730034F03Rik' 'Troap' 'Cd2ap' 'Ier3' 'Znrd1as'
 'Tfeb' 'Gm10093' 'Cbwd1' 'Mms19' 'Chuk' 'Nphp1' 'Gpsm1' 'Ncs1' 'Abl1'
 'Prrc2b' 'Klhl23' 'Gstm1' 'Proser1' 'Lrba' 'Aph1a' 'Pex11b' 'Ldlrap1'
 'Virma' 'Crybg2' 'Gm17092' '4932422M17Rik' 'Ubn2' 'Zfp638' 'Bcl2l14'
 'Tbc1d10b' 'Siglecf' 'Chsy1' '2900076A07Rik' 'Pde3b' 'Phrf1'
 '4931428F04Rik' 'Gm26909' 'Atp13a1' 'Hmox1' 'Pla2g15' 'Cep164' 'Pccb'
 'Jaml' 'Msl2' 'Map4' 'Nxf2' 'Tmem164']",0.6091668870285715,29.0,9.338094023943002
128,128,39,"['Suco' 'Etaa1' 'Rabep1' 'Arf4' 'Chrac1' 'Mfsd3' 'Zc3h7b' 'Ncbp2' 'Guca1a'
 'Bag6' 'Gm7334' 'Spast' 'Napg' 'Tubb6' 'Dnajc4' 'Anxa1' '4930481A15Rik'
 'Atf2' 'Lin7c' 'Mccc1' 'Xkr8' 'Kcnab2' 'Nol9' 'Acacb' 'Naa25' 'Ppp4r2'
 'Tnnt1' 'Ears2' 'Gm9844' 'Plekha2' 'Klhl26' 'Zdhhc7' 'Cul4a' 'Plpp5'
 'Casp3' 'Rspry1' 'Dnajc13' 'Atp11c' 'Zc4h2']",1.0663342315641025,11.642857142857142,7.7154760986326325
129,129,24,"['Supv3l1' 'Rad51c' 'Zfp207' 'Ralgapa1' 'Capsl' 'Zfp623' 'Nfya' 'Tnfsf14'
 'Pi16' 'Sp3' 'Creb3l1' 'Mettl15' 'Sppl2a' 'Casc4' 'Sord' 'Fam241a'
 'Cc2d1b' 'Slbp' 'Krtcap3' 'Ufsp1' 'Ipo8' 'Abhd13' 'Aars' 'Usp19']",0.6471318245833333,,
130,130,36,"['Zfp451' 'Ints7' 'Retreg3' 'Zfp692' 'Tmem229b' 'Zmynd11' 'Gadd45g'
 'Mettl6' 'Wdhd1' 'Top1mt' 'Kctd17' 'Mapk14' 'Birc6' 'Hars2' 'Kdm2a'
 'Cep78' 'Cd44' 'Zfp64' 'Stard7' 'Cds2' 'Zc2hc1a' 'Gpr160' 'Lrif1' 'Pigk'
 'Zmym1' 'Pus7' 'Grifin' 'Atp6v0a2' 'Amn1' 'Pyroxd1' 'Fadd' 'Nomo1'
 'Lcmt1' '1190005I06Rik' 'Bbs4' 'Trip4']",1.1242305415,10.0,5.1478150704934995
131,131,101,"['Dyrk3' 'Mndal' 'Ifi203' 'Opn3' 'Maip1' 'Retreg2' 'Pfdn2' 'Tbpl1' 'Rpf2'
 'Hnrnph3' 'Oaz1' 'Ube2n' 'Cdk5rap3' 'Dbnl' 'Mrpl55' 'Snf8' 'Tmed10'
 'Pld4' 'Tbce' 'Lman2' 'Klf6' 'Ly86' 'Tmem167' 'Dad1' 'Dhrs1' 'Pspc1'
 'Zmym5' 'Xpo7' 'Slc38a1' 'Tomm22' 'Smdt1' 'Tspo' 'Parl' 'Hmox2' 'Mrpl18'
 'Bak1' 'Rps28' 'Psmb9' 'Kcnk12' 'Mpnd' 'Tmem173' 'Rnf138' 'Rce1' 'Mrpl49'
 'Rpl13a-ps1' 'Hhex' 'Cdk9' 'Mmadhc' 'Cd82' 'Usp50' 'Ciao1' 'Cst3'
 'Arpc5l' 'Celf1' 'Pdia3' 'Tpd52' 'Dcun1d1' 'Nudt6' 'Scnm1' 'Rnf13'
 'Krtcap2' 'Ube2q1' 'Ctss' 'Rbm8a' 'Erp44' 'Jun' 'Fam206a' 'Srsf4' 'Gpn2'
 'Ddost' 'Glmn' 'Psph' 'Lamtor4' 'Igf2bp3' 'Pyurf' 'Emg1' 'Ccnd2' 'Cd69'
 'Mboat7' 'Saal1' 'Hbb-bt' 'Ndufa3' 'Nfkbid' 'Pgap2' 'Smarca5' 'Maf'
 'Naxd' 'Plcg2' 'Cox4i1' 'Fam118b' 'Sdhd' 'Phip' 'Alas1' 'Stt3b' 'Dpagt1'
 'Ctsh' 'Rrp9' 'Pola1' 'Pdk3' 'Sat1' 'Fam50a']",12.360550100089108,14.985555555555557,6.1747477689384205
132,132,34,"['Nifk' 'Csrp1' 'Ltv1' 'Pwp1' 'Arl1' 'Rflnb' 'Atp5h' 'Twistnb' 'Glrx5'
 'Hist1h2bj' 'Gm49207' 'Hacd2' 'Mpc1' 'BC004004' 'Gpank1' 'Zmat2' 'Frmd8'
 'Pdcd11' 'Commd3' 'Pmpca' 'Med19' 'Ube2c' 'Ube2j2' 'Maea' 'Cops4'
 'Tsc22d4' 'Htra2' 'Lockd' 'Pafah1b3' 'Rbm42' 'Uba2' 'Mpv17l2' 'Ciapin1'
 'Chordc1']",10.71487525002941,15.494623655913978,5.620314323450665
133,133,40,"['Ndufs1' 'Fh1' 'Lbr' 'Mrpl54' 'Yeats4' 'Uqcr10' 'Ifi35' 'Siva1' 'Nol7'
 'Dhfr' 'Srek1ip1' 'Racgap1' 'Eif3l' 'Slc29a1' 'Srsf3' 'Hdgfl2' 'Hars'
 'Ndufs8' 'Dpp3' 'Sdhaf2' 'Gid8' 'Szrd1' 'Sf3a3' 'Taf12' 'Rfc1' 'Lap3'
 'Mthfd2' 'Suclg2' 'Cul1' 'Nfu1' 'Gpi1' 'Epn1' 'Ethe1' 'Asah1' 'Calr'
 'Ist1' 'Mcm5' 'Ecsit' 'Tmem108' 'Las1l']",12.59481360615,15.592342342342342,6.419665718810802
134,134,20,"['Eif5b' 'Hddc2' 'Map2k2' 'Becn1' 'Ftsj3' 'Nhp2' 'Psme3' 'Rpl38' 'Slc35b2'
 'Mrpl14' 'Hspa9' 'Stip1' 'Ssrp1' 'Stoml2' 'Sec61b' 'Psmc2' 'Gng12' 'E2f4'
 'Nme6' 'Atp6ap2']",21.484596495850003,13.872807017543858,5.428147975906984
135,135,53,"['Wdr12' 'H3f3a' 'Ube2f' 'Glul' 'Mrps14' 'Lsm7' 'Zwint' 'Uqcrq' 'Psmc3ip'
 'Fam104a' 'Mrps30' 'Cdkn3' 'Tpt1' 'Uchl3' 'Them6' 'Polr2f' 'Ncaph2'
 '2610318N02Rik' 'Amdhd2' 'Vapa' 'Gtf2h5' 'Mrps34' 'Dus3l' 'Clpp' 'Thoc1'
 'Ube2d2a' 'Cdk2ap2' 'Bad' 'Fpgs' 'Ndufs3' 'Psma7' 'Arfrp1' 'Fabp5'
 'Dnttip2' 'Fubp1' 'Ep400' 'Akap9' 'Rplp0' 'Polr1d' 'Pomp' 'Cox6b1'
 'Eif3c' 'Ctsc' 'Bccip' 'Ddx49' 'Cmc2' 'Gsr' 'Trappc4' 'Cox7a2' 'Arpp19'
 'G6pdx' 'Tsc22d3' 'Psmd10']",20.72009877509434,15.768115942028986,5.098229935007771
136,136,64,"['Thap4' 'Degs1' 'Atg4b' 'Btbd2' 'Dapk3' 'Mdh1' 'Pttg1' 'Fam114a2' 'Gps2'
 'Pitpna' 'Pgs1' 'Hbp1' 'Bag5' 'Stard3nl' 'Txndc5' 'Kif2a' 'Ndufs4'
 'Ap3b1' 'Timm23' 'Rpp14' 'Glud1' 'Mrpl52' 'Hsf1' '1110038F14Rik' 'Kctd5'
 'Tbl3' 'Slc39a7' 'Rpl27-ps3' 'Ap3s1' 'Snx2' 'Seh1l' 'Smndc1' 'Eif1ad'
 'Btrc' 'Ivd' '1700020I14Rik' 'Pcif1' 'Fxr1' 'Sec22b' 'Topors' 'Smim12'
 'Wasf2' 'Ubc' 'Smim20' 'Rpn1' 'Emp3' 'Rhog' 'Arl6ip1' 'Coq7' 'Sigirr'
 'Rabep2' 'Dctn6' 'Slc25a4' 'Rbmxl1' 'Dnaja2' 'Tmem192' 'Spg7' 'Eef1a1'
 'Ndufaf3' 'Scamp2' 'Ppib' 'Fam96a' 'Hyal2' 'Pdzd11']",11.916346586703124,14.549707602339183,6.387609293964524
137,137,28,"['Ndufa10' 'Cr1l' 'R3hdm4' 'Gna15' 'Guk1' 'Rdm1' 'Ebpl' 'Yaf2' 'Acaa2'
 'Tm9sf3' 'Trub1' 'S100a1' 'Polr3c' 'Pla2g12a' 'Slc25a51' 'Capzb' 'Suds3'
 'Diablo' 'Krcc1' 'Ing4' 'Nosip' 'Akap13' 'Ap2a2' 'Wwp2' 'Taf1d' 'Cdc25a'
 'Pqbp1' 'Syap1']",7.629069868999999,16.018115942028988,6.882397605052125
138,138,17,"['Rpl41' 'Xbp1' 'Max' 'Nudt14' 'Sugt1' 'Ankrd54' 'Maf1' 'Nagpa' 'Hdac3'
 'Fermt3' 'Etfdh' 'Mrpl24' 'Tprgl' 'Rest' 'Kras' 'Pkn1' 'Commd4']",16.91400961782353,17.214285714285715,6.773322661581971
139,139,27,"['Tyw5' 'Ppil3' 'Cabin1' 'Hbs1l' 'Btg1' 'Nol11' 'Tsr1' 'Arf6' 'Polr3d'
 'Nudcd1' 'Mtch1' 'H2-Ke6' 'Ttc9c' 'Dock8' 'Taf3' 'Rngtt' 'Smim27' 'Nrd1'
 'Alkbh2' 'Eml2' 'Rab6a' 'Spcs3' 'Vps35' 'Stt3a' 'Ubl7' 'Aagab' 'Atg4a']",3.812708884518518,14.135416666666666,4.721196784087068
140,140,27,"['Bsg' 'Mrpl38' 'BC017643' 'Uqcrfs1' 'Hnrnpk' 'Pycrl' 'Ift27' 'Rpap3'
 '0610012G03Rik' 'Kif5b' 'Bambi' 'Psmg2' 'Rtn3' 'Mapre1' 'Ube2d3' 'Rbbp4'
 'Psmb2' 'Coq2' 'Mrpl33' 'Gtf3a' 'Cops7a' 'M6pr' 'Mrps35' 'Zbtb45'
 'Mrpl46' 'Rnh1' 'Tma7']",20.172524088,17.194444444444443,6.183578680597934
141,141,45,"['Fam168b' 'Cd28' 'Cd48' 'Snx3' 'Mlx' 'Snhg20' 'Ighm' 'Nsd1' 'Clybl'
 'Cdpf1' 'Scaf11' 'Dap' 'H1f0' 'Metrn' 'Shoc2' 'Asb6' 'Arl5a' 'Kin'
 'Pdss1' 'Med27' 'Commd9' 'Armc1' 'Gpr171' 'Ccnl1' 'Bag1' 'Pnrc2' 'Cdc42'
 'Akirin2' 'Tmem128' 'Anapc7' 'Pdia4' 'Setd5' 'Arpc4' 'Brk1' 'Pold1'
 'Tbc1d17' 'Med25' 'Trim12a' 'Cnot1' 'Tm2d2' 'Mlh1' 'Sltm' 'Cyb5r4'
 'Htatsf1' 'Sh3kbp1']",7.497692293822222,16.515151515151516,6.722728297170409
142,142,40,"['Pde6d' 'Pla2g4a' 'Cnot11' 'Tbc1d15' 'Taok1' 'Ubtf' 'Sumo2' 'Slc16a3'
 'Dus4l' 'Acot1' 'Dbn1' 'Hist1h4h' 'Myh9' 'Usp7' 'Slc9a3r2' 'Zbtb12'
 'Diaph1' 'Iws1' 'Uhrf2' 'Kif20b' 'Zfyve27' 'Dnajc1' 'Pigu' 'Psd4' 'Rhoc'
 'Frrs1' 'Chd7' 'Galnt12' 'Gpatch3' 'Pxmp2' 'Ncor2' 'Mat2a' 'Gtf2h1'
 'Nsd3' 'Usb1' 'Map1lc3b' 'Chek1' 'Fbxo22' 'Maged1' 'Prdx4']",2.895559212325,11.783333333333333,8.00181373118031
143,143,32,"['Cops7b' 'D10Jhu81e' 'Sgta' 'Smarce1' 'Cluh' 'Ccdc71l' 'Nqo2' 'Appl1'
 'Ap2m1' 'Mcrip2' 'Thumpd2' 'Ndufa2' 'Trmt112' 'Gsto1' 'Xrn2' 'Nsfl1c'
 'Clcc1' 'Ndufaf6' 'Tceanc2' 'Ppie' 'Rpa2' 'Gusb' 'Psenen' 'Emc10'
 'Sergef' 'Coq8b' 'Mesd' 'Glrx3' 'Ccdc124' 'Dcaf15' 'Manf' 'Eif2s3x']",12.49645775296875,15.094444444444443,4.966686595141177
144,144,28,"['Stk25' 'Smpd2' 'Actr6' 'Psap' 'Ube2b' 'Cd79b' 'Rai1' 'Emb' 'Ndufv2'
 'Ndufv3' '1500011K16Rik' 'Hspa5' 'Cd53' 'Efhd2' 'Ggh' 'Lrpap1' 'Pgam5'
 'Bri3bp' 'Grwd1' 'Trappc6a' 'Alkbh6' 'Napsa' 'Lsp1' 'Klhdc4' 'Tpm4'
 'Ubl5' 'Plp2' 'Mid1ip1']",13.978355141285714,15.08695652173913,9.880072481282587
145,145,35,"['Tex30' 'Nop58' 'Cd34' 'Rnf126' 'Mettl1' 'Rnf187' 'Cct4' 'Zcchc10'
 'Slirp' 'Eef1e1' 'Rfc4' 'Snhg9' 'Cnpy3' 'Npm3' 'Psmd14' 'Ccdc34'
 'Snrnp40' 'Aunip' 'Mrfap1' 'Znhit1' 'Mcm7' 'Cox19' 'Tmed2' 'Tpi1'
 'Serbp1' 'Cdca3' 'Timm50' 'Pdcd5' 'Fancf' '2310022A10Rik' 'Fbl' 'Syce2'
 'Hmbs' 'Ubl4a' 'Pgk1']",16.544041719828574,14.035353535353536,5.881461809233144
146,146,34,"['Cacybp' 'Rpl31' 'Hspe1' 'Rps15' 'Rps27a' 'Atp5g1' 'G3bp1' 'Timm22'
 'Fkbp3' 'Rpl36al' 'Gmnn' 'Dek' 'Ranbp1' 'Srpk1' 'Dpy30' 'Nutf2-ps1' 'Ssb'
 'Dut' 'Exosc8' 'Srsf11' 'Eif3i' 'Anp32b' 'Prdx1' 'Ebna1bp2' 'Srm'
 'Chchd2' 'Rpl5' 'Prmt1' 'Dctpp1' 'Gm10131' 'Hspa8' 'Tipin' 'Exosc7'
 'Rbbp7']",43.220517355911774,15.0,6.423832578764799
147,147,68,"['Prim2' 'Tuba4a' 'Dtymk' 'Timm17a' 'Tmem70' 'Cdk1' 'Shmt2' 'Pa2g4'
 'Dazap1' 'Hnrnpab' 'Znhit3' 'Rpl23' 'Top2a' 'Drg2' 'Aurkb' 'Rps7' 'Nemf'
 'Eif5' 'Hist1h1b' 'Trip13' 'Haus4' 'Nt5dc2' 'Rpl30' 'Cenpm' 'Adsl'
 'Samm50' 'Fam162a' 'Trmt10c' 'Naa50' 'Tubb5' 'Mydgf' 'Gm10184' 'Rnps1'
 'Sssca1' 'Cox8a' 'Nolc1' 'Atp5g3' 'Gss' 'Aurka' 'Ddx27' 'Npepl1' 'Cks1b'
 'Phgdh' 'Smc4' 'Ppid' 'Zranb2' 'Ppih' 'Mrto4' 'Tyms' 'Lyar' 'Coq5'
 'Gapdh' 'Mad2l1' 'Cct7' 'Fam136a' 'Ruvbl1' 'Lsm3' 'Phb2' 'Mphosph10'
 'Mrpl17' 'Knop1' 'Bola2' 'Gins2' 'Aprt' 'Lyl1' 'Dcps' 'Rps27l' 'Prps1']",21.051688262,15.21957671957672,7.200148432661128
148,148,38,"['Parp1' 'Eprs' 'Ddx21' 'Polr2e' 'Tmpo' 'Metap2' 'Nup37' 'Cdk4' 'Ptges3'
 'Mrps24' 'Pold2' 'Birc5' 'Erh' 'Cdca4' 'St13' 'Ndufb4' 'Atp5j' 'Smc3'
 'Tubb4b' 'Swi5' 'Eif4e' 'Cdca8' 'Hmgn2' 'Nans' 'Yrdc' 'Stmn1' 'Plac8'
 'Noc4l' 'Get4' 'Ezh2' 'Tmem238' 'Elavl1' 'Pcid2' 'Hmgb2' 'Nip7' 'Eif3g'
 'Traip' 'Eif1ax']",23.4587444265,12.916666666666668,4.689204235649836
149,149,84,"['Hspd1' 'Ncl' 'Imp4' 'Atic' 'Ptma' 'Mif' 'Mrpl42' 'Nup43' 'Asf1a' 'Ppa1'
 'Snrpd3' 'Cdc34' 'Wdr18' 'Npm1' 'Shmt1' 'Eif5a' 'Tk1' 'Alyref' 'Rack1'
 'Hint1' 'Phb' 'Mrpl12' 'Hsp90aa1' '2010107E04Rik' 'Rrm2' 'Psma6' 'Tkt'
 'Apex1' 'Pbk' 'Snu13' 'Tuba1b' 'Rsl1d1' 'Umps' 'Cct8' 'Rpl35a' 'Rps2'
 'Snrpd1' 'Srp19' 'Lmnb1' 'Fen1' 'Snrpb' 'Eif2s2' 'Eif6' 'Rpl7a' 'Set'
 'Rpl12' 'Nop10' 'Hypk' 'Nop56' 'Fkbp1a' 'Rps21' '1810022K09Rik' 'Rpl34'
 'Hdgf' 'H2afz' 'Tomm5' 'Ybx1' 'Nudc' 'Smc2' 'Dnajc2' 'Ost4' 'Letm1'
 'Pebp1' '3110082I17Rik' 'Hmgb1' 'Ran' 'Cycs' 'Hk2' 'Cnbp' 'Fkbp4'
 'Ndufb2' 'Ube2m' 'Ruvbl2' 'Snrpd2' 'Snrpa1' 'Timm44' 'Isyna1' 'Ddx39'
 'Elof1' 'H2afx' 'Rps25' 'Pclaf' 'Impdh2' 'Slc25a5']",39.05611710460715,15.1517094017094,6.290521506255331
150,150,42,"['Actr1b' 'Srp9' '1700021F05Rik' 'Stx7' 'Dhrs11' 'Wdr45b' 'Tmem107'
 'Slfn5' 'Taf15' 'Coil' 'Mrpl32' 'Tmem55b' 'Bin3' 'Gm8186' 'Nfkbil1'
 'Mad2l1bp' 'Brd8' 'Haus1' 'Csnk1a1' 'Tcf4' 'Incenp' 'Zfp106' 'Mgme1'
 'Actr5' 'Ensa' 'Selenof' 'Mrpl50' 'Ift74' 'Slc2a1' 'Ak2' 'Preb' 'Rilpl2'
 'Sec13' 'Agk' 'Btbd1' 'Ercc1' 'Yif1b' 'Mapk3' 'Shcbp1' 'Bag4' 'Syncrip'
 'Poc1a']",6.8010440410952375,16.504504504504503,8.248782783988037
151,151,52,"['Uap1' 'Rabif' 'Sde2' 'Commd1' 'Canx' 'P4hb' 'Mgat2' 'Papola' 'Cenph'
 'Cks2' 'Prelid1' 'Mrps27' 'Nop9' 'Comt' 'Tmem41a' 'Eif4g1' 'Gfer' 'Ppil1'
 'Cenpq' 'Cdc5l' 'Pigf' 'Ndufv1' 'Arl2' 'Tmem258' 'Hells' 'Atp5c1' 'Mtch2'
 'Apip' 'H13' 'Mrpl47' 'Bola1' 'Gclm' 'Exosc3' 'Pithd1' 'Rpl22' 'Cox18'
 'Paics' 'Srp72' 'Mrpl35' 'Vamp8' 'Psmc4' 'Tmem147' 'Ftl1' 'Oat'
 '9430038I01Rik' 'Hirip3' 'Sap30' 'Tecr' 'Enkd1' 'Pcm1' 'Aasdhppt' 'Rpl10']",15.42172671871154,15.453125,6.795886546356232
152,152,68,"['R3hdm1' 'Sccpdh' 'Armt1' 'Tmbim4' 'Purb' 'Ahsa2' 'Lsm11' 'Thg1l' 'Cenpv'
 'Usp34' 'Dhrs13' 'Slc35b1' 'Coasy' 'Trmt5' 'Ppm1a' 'Hist1h2bm' 'Rmi1'
 'Dimt1' 'Gtf2f2' 'Naa16' 'Sec24c' 'Mpst' 'Smarcd1' '4930453N24Rik'
 'Wdr53' 'Tedc2' 'Rpusd1' 'Narfl' 'Zfp523' 'Mtpap' 'Tkfc' 'Plpp6' 'Pcgf5'
 'Gbf1' 'Trim8' 'Mvb12b' 'Prkra' 'Uckl1' 'Haus2' 'Sclt1' 'Ttc14' 'Il12a'
 'Rit1' 'Rnf115' 'Plaa' 'Cpt2' 'Dhdds' 'Nbn' 'Dnajc25' 'Lrrc41' 'Zfp992'
 'Gatc' 'Enoph1' 'Arl6ip4' 'Tyw1' 'Zscan21' 'Rpl21' 'Skap2' 'Dguok'
 'Rassf4' 'Gabarapl1' 'Xrcc1' 'Eri1' 'Ppp2cb' 'Itgb1' 'Sc5d' 'Btk' 'Cstf2']",3.8049858162205887,13.63265306122449,5.9958492193284965
153,153,50,"['Gmppa' 'Cab39' 'Ncf2' 'Elk3' 'Prep' 'Matk' '0610009B22Rik' 'Patz1'
 'Rnf130' 'Dvl2' 'Sdf2' 'Igfbp4' 'Dnajb9' 'Itgb7' 'Drosha' 'Safb2'
 'Hnrnpll' 'Cox7a2l' '0610009O20Rik' 'Atad1' 'Fra10ac1' 'Mtx2' 'Bloc1s6'
 'Elf2' 'Arhgef2' 'Orc3' 'Nmnat1' 'Nudt2' '1500011B03Rik' 'Zfp326' 'Psmd9'
 'Hnrnpa2b1' 'Grcc10' 'Mkln1' 'Slc6a6' 'Gsk3a' 'Rps17' 'Atxn2l' 'Akt1s1'
 'Bckdk' 'Xab2' 'Ssbp4' 'Nudt21' 'Gipc1' 'Mlycd' 'Cdkn2d' 'Rassf1' 'Ip6k2'
 'Bex2' 'Sash3']",7.00592334988,14.58974358974359,5.914701447019741
154,154,35,"['Adss' 'Rrs1' 'Pkib' 'Rpa1' 'Tmem199' 'Ctdnep1' 'Cox11' 'Brf1' 'Ptgr2'
 'Ywhaz' 'Sdf2l1' 'Thap7' 'Mrpl40' 'Bysl' 'Rrp1b' 'Nrm' 'Wdr43' 'Gypc'
 'Txnl1' 'Slc3a2' 'Dap3' 'Rabggtb' 'Psma5' 'Tmub1' 'Ppm1g' 'Ergic2'
 'Mkrn2' 'Rps11' 'Irf3' 'Zfp511' 'Rnaseh2a' 'Vps36' 'Eif4ebp1' 'Imp3'
 'Slc25a38']",10.095431626857144,14.872549019607844,6.485422506677329
155,155,54,"['Sdhc' 'Smyd2' 'Fastkd2' 'Eif4e2' 'Srsf2' 'Psmb6' 'G6pc3' 'Coq6' 'Smn1'
 'Chchd1' 'Polr2k' 'Rpl8' 'L3mbtl2' 'Nars' 'Asrgl1' 'Bloc1s2' 'Eef1g'
 'Eif3m' 'Pcna' 'Nusap1' '1110008F13Rik' 'Trp53rkb' 'Cisd2' 'Adh5'
 'Atpif1' 'Ndufaf4' 'Rars2' 'Lzic' 'Sdad1' 'Atp5k' 'Dynll1' 'Fam133b'
 'Utp3' 'Mrpl19' 'Pcbp1' 'Fmc1' 'Bola3' 'Nop2' 'Cd3eap' 'Rps9' 'Bub3'
 'Smim19' 'Gm10282' 'Lsm6' 'Mrps31' 'Use1' 'Mrpl34' 'Cyb5b' 'Rab4a'
 'Spc24' 'Oaf' 'Wdr61' 'Bsn' 'Smarcc1']",21.719065880425926,17.88148148148148,5.89880704236101
156,156,38,"['Tfb2m' 'Efcab2' 'Arhgap9' 'Cox10' 'Ube2z' 'Mfap3' 'Flot2' 'Hist1h2ai'
 'Ndfip2' 'Samsn1' 'Ubxn6' 'Bnip1' 'Dnph1' 'Ccnd3' 'B230118H07Rik'
 'Arhgap11a' 'Mfap1b' 'Pter' 'Aven' 'Ptbp3' 'Usp1' 'Meaf6' 'Mul1' 'Sec31a'
 'Mrm2' 'Anxa3' 'Eif3b' 'Zfp800' 'Pcgf1' 'Atg7' 'Arfip2' 'Tssc4' 'Rbm34'
 'Dnmt1' 'Arih2' 'Qrich1' 'Ccdc12' 'Tmem29']",4.222152035973685,16.06451612903226,8.959960050687522
157,157,52,"['Tor1aip1' 'Mrpl30' 'Ckap4' 'Prtn3' 'Spns3' 'Mgat1' 'Prpf8' 'Ift20' 'Mpo'
 'Dhx8' 'Pdia6' 'H2afy' 'Tifab' 'Ubqln1' 'Fastkd3' 'Mef2c' 'Cdca2'
 'Zfp706' 'Nmral1' '1700097N02Rik' 'Lst1' 'Fez2' 'H2-DMb2' 'Bin1'
 'Tmem109' 'Cdca5' 'Fads3' 'Sdccag3' 'Trmt6' 'Ctsz' 'Egfl7' 'Nek6' 'Lmo2'
 'Emc7' 'Dusp2' 'Naa20' 'Raly' 'Trim55' 'Kyat3' 'Ccne2' 'Tmem176b'
 'Rpusd3' 'BC035044' 'Fxyd5' 'Aldoa' 'Ifitm3' 'Ccnd1' 'Bcat2' 'Lsm4'
 'Irf8' 'Pstpip1' 'Hexa']",11.520219270442308,17.32882882882883,9.09943666741689
158,158,83,"['Sf3b1' 'Pecr' 'B930036N10Rik' 'Creb1' 'Xrcc5' 'Arpc2' 'Bcs1l' 'B4galt3'
 'Desi2' 'Cdk2' 'Thop1' 'N4bp3' 'H3f3b' 'Wbp2' 'Tmc6' 'Zmiz2' 'Smg6' 'Crk'
 'Tsen54' 'Ubxn2a' 'Hectd1' 'Pole2' 'Serpinb1a' 'Ndufs6' 'Larp4b' 'Mycbp2'
 'Lrmda' 'Tmem110' 'Pbrm1' 'Sco2' 'Zfp707' 'Grina' 'Ppp1r16a' 'Serhl'
 'Gtse1' 'Sec22a' 'Rtp4' 'Tctex1d2' 'Prrc2a' 'Ppp2r5d' 'Satb1' 'Fgfr1op'
 'Atp6v0e' 'Slc30a6' 'Msh2' 'Fam210a' 'Ska1' '3110002H16Rik' 'Tcirg1'
 'Vegfb' 'Eif3a' 'Acy3' 'Rbm39' 'Ddx31' 'Coq4' 'Slc30a7' 'Pigv' 'Pusl1'
 '0610037L13Rik' 'Pum1' 'Pisd' 'Hnrnpdl' 'Sh2b2' 'Agfg2' 'Rpap2' 'Ddx51'
 'Rbm28' 'Cd9' 'Itfg2' 'Prss2' 'Dcp1b' 'Chid1' 'Pak1' 'Polr3e' 'Cenpu'
 'Sugp1' 'G430095P16Rik' 'Nck1' 'Atrip' 'Crtap' 'Leo1' 'Suv39h1' 'Timm17b']",6.860253298108434,14.647887323943662,7.397637401470193
159,159,24,"['Rb1cc1' 'Dnajb2' 'Dennd1b' 'Slc36a3os' 'Nin' 'Gm20069' 'Smad5' 'Fhit'
 'Atxn7' 'Spidr' 'Map3k4' 'Hmgxb3' 'Slc27a4' 'Fam102b' 'Polr1e' 'Gm20503'
 'Klhl8' 'Katnal1' 'Clec11a' 'Aktip' 'Exoc3l' 'Ttk' 'Dusp7' 'Wdr44']",0.32260223804166666,,
160,160,44,"['Tram1' 'Pdcd1' 'Rpl37a' 'Plekhj1' 'Trp53i13' 'Mif4gd' 'Zfp830' 'Sf3b6'
 'Spin1' 'Caml' 'Tbca' 'Slmap' 'Cby1' 'Dnm1l' 'Tmem50b' 'Nudt16l1' 'Sod1'
 'Oard1' 'Alkbh7' 'Ss18' 'Rpl9-ps6' 'Zfand5' 'Abhd12' 'E2f1' 'Ntmt1'
 'Mrrf' 'Zc3h15' 'Phf20' 'Ubap2l' 'Zfp292' 'Ppcs' 'Tmem222' 'Ubap1' 'Mtap'
 'Hmgcl' 'Prkag2' 'Ikzf5' 'Tmem160' 'Ap2s1' 'Orai3' 'Kat8' 'Lpcat2'
 '1700017B05Rik' 'Atp1b3']",9.526183639,16.756756756756758,9.418968466183912
161,161,56,"['Snrpe' 'Cox5b' 'Ubxn4' 'Tpr' 'Snrpf' 'Cpsf6' 'Spryd4' 'Naca' 'C1qbp'
 'Nme1' 'Coa3' 'Jpt1' 'Arl16' 'Mybbp1a' 'Tsta3' 'Zcrb1' 'Atp6v1c1' 'Med30'
 'Cyth4' 'Tra2b' 'Thoc6' 'Polr1c' 'Uhrf1' 'Tcof1' 'Sac3d1' 'Mrpl21'
 'Nelfb' 'Ppp6c' 'Madd' 'Rpn2' 'Ywhab' 'Polr3k' 'Ndufc1' 'Atp5f1' 'Cct3'
 'Mrpl37' 'Dnaja1' 'Mrps15' 'Gpn1' 'Usp39' 'Lrrc28' 'Rps3' 'Zfp568' 'Pepd'
 'Rplp2' 'Gcsh' 'Dctd' 'Gm16536' 'Scaper' 'Gpx1' 'Uqcrc1' 'Rpl14' 'Magt1'
 'Morf4l2' 'Xk' 'Cox7b']",21.081281769392856,16.53900709219858,6.859635907962149
162,162,31,"['Ilkap' 'Mbd3' 'Slc25a3' 'Rars' 'Ddx52' 'Cbx1' 'Eif3d' 'Rps19bp1'
 'Tuba1c' 'Taf11' 'Tmem138' 'Selenoh' 'Plekho1' 'Larp7' 'Aimp1' 'Srrm1'
 'Ubxn2b' 'Mycbp' 'Anapc5' 'Uba3' 'Ptpn6' 'Phf14' 'Hmces' 'Hikeshi'
 'Hnrnpl' 'Ing2' 'Smad1' 'Cdc16' 'Gadd45gip1' 'Trir' 'Sms']",13.064150583774195,18.291666666666664,4.886073473840681
163,163,21,"['Ggnbp2' 'Ddx1' 'Erg28' 'Sub1' 'Derl1' 'Tmem106c' 'Pfdn6' 'Pfdn1' 'Lman1'
 'Mrpl43' 'Acsl5' 'Dpm2' 'Snrpb2' 'Thrap3' 'Txlna' 'Mrpl48' 'Mrps11'
 'Sin3b' 'Ei24' 'Morf4l1' 'Rnf7']",17.829951020857145,16.658333333333335,4.657407794945709
164,164,28,"['Arf1' 'Dynll2' 'Tmx1' 'Abhd6' 'Mipep' 'Pdia5' 'Ccdc50' 'BC031181'
 'Slc43a3' 'Ergic3' 'Pkig' 'Ppdpf' 'Crtc2' 'Dctn3' 'Tm2d1' 'Urod' 'Nfyc'
 'Cap1' 'Akirin1' 'Fam3c' 'Camk1' 'Calm3' 'Aldh16a1' 'Polr2i' 'Psmb10'
 'Ctcf' 'Trappc2l' 'Nbdy']",11.139550057892858,15.086309523809524,6.604551762455285
165,165,39,"['Pfkl' 'Nfyb' 'Elp5' 'Pes1' 'Hba-a1' 'Cdc6' 'Odc1' 'Ccnh' 'Mrpl57'
 'Brix1' 'Cyc1' 'Gcat' 'Rbx1' 'Tfap4' 'Pigx' '1110004E09Rik' 'Psmg1'
 'Vars' 'Ndufaf7' 'Polr2d' 'Mrpl11' 'Ptpa' 'Ube2e3' 'Srsf6' 'Rae1' 'Rsrc1'
 'Smu1' 'Magoh' 'Gnl2' 'G3bp2' 'Sart3' 'Git2' 'Nudt9' 'Polr2j' 'Pole4'
 'Thumpd3' 'Hras' 'Uqcrc2' 'Tspan4']",13.228415451,17.928571428571427,7.574821307054061
166,166,20,"['Hes6' 'Fbxo5' 'Sf3b5' 'Stk11' 'Pelp1' 'Ak6' 'Dnal4' 'Mrpl39' 'Nubp1'
 'Mrps18a' 'Rpp30' 'Nmd3' 'Sf3b4' 'Utp11' 'Necap2' 'Rheb' 'Chchd6' 'B9d2'
 'Sgf29' 'Mphosph6']",12.993525452399998,13.8859649122807,5.0723325506982775
167,167,27,"['Mrps7' 'Vrk1' 'Hist1h2ae' 'Prpf4b' 'Nsun2' 'Rnaseh2b' 'Nubp2' 'Tsr3'
 'Gm26917' 'Psmc3' 'Ctnnbl1' 'Rpl22l1' 'Alg5' 'Lamtor3' 'Ctps' 'Ccnl2'
 'Ints11' 'Cdk2ap1' 'Rad51ap1' 'Rpl27a' 'Prr14' 'Ankrd11' 'Keap1'
 'Rpl10-ps3' 'Rsl24d1' 'Rpsa' 'Rps4x']",18.07759316825926,17.14814814814815,5.769306742139847
168,168,53,"['Arl8a' 'Pycr2' 'Fuca2' 'Ascc1' 'Ewsr1' 'Actg1' 'Gmpr' 'Glrx' 'Ctsb'
 'Rpl3' 'Mcrs1' 'Prr5' 'Atg101' 'Abcf3' 'Acat2' 'Ppp1r18' 'Eml4' 'Usp14'
 'Slc25a45' 'Rabl6' 'Rabepk' 'Clp1' 'Cat' '1700037H04Rik' 'Vim' 'Ptges2'
 'St6galnac4' 'Eid1' 'Zfand1' 'Anxa5' 'Gmps' 'Decr1' 'Laptm5' 'Hp1bp3'
 'Tomm7' 'Lat2' 'Zfp68' 'E130309D02Rik' 'Sept11' 'Wipi2' 'Kcmf1' 'Lpcat3'
 'Kcnn4' 'Rinl' 'Mcee' 'Fam96b' 'Plpbp' 'Fkbp8' '2010320M18Rik' 'Mrpl3'
 'Twf2' 'Tspan6' 'Tceal8']",11.569508793849057,16.581560283687946,7.506186847584604
169,169,27,"['Tiprl' 'Mob4' 'Pcmt1' 'Eef2' 'Eme1' 'Fasn' 'Srsf1' 'Bcap29'
 '2210016F16Rik' 'Dscc1' 'BC003965' 'Minpp1' 'Fam107b' 'Tardbp' 'Pgd'
 'Rad23b' 'A430005L14Rik' 'Gtf2h3' 'Med29' 'Acd' 'Aga' 'Dnajb1' 'Trmt1'
 'Thap11' 'Coa6' 'Cep57' 'Bex3']",8.437147694148146,16.041666666666668,5.819185742465522
170,170,52,"['Mcm3' 'Uchl5' 'Mum1' 'Sf3a2' 'Prim1' 'Eif4a1' 'Dus1l' 'Hnrnph1' 'Mettl2'
 'Cinp' 'Ahsa1' 'Abt1' 'Mrps36' 'Trim27' 'Sfxn1' 'Rps23' 'Ppif' 'Psmc6'
 'Mtdh' 'Pdxp' 'Hnrnpa1' 'Gspt1' 'Hsp90ab1' 'Smchd1' 'Spata24' 'Timm21'
 'Rnmt' 'Txnl4a' 'Surf4' 'Mrps26' 'Dnajc19' 'Pmf1' '1810037I17Rik'
 'Sigmar1' 'Prpf38a' 'Lyrm2' 'Pdap1' 'Mrpl1' '2810006K23Rik' 'Ssbp1'
 'Mrpl51' 'Tomm40' 'Rpl28' 'Rrm1' 'Tomm20' 'Pgls' 'Utp4' 'Atp5l' 'Cmtm7'
 'Ppan' 'Uxt' 'Ube2a']",19.507509051846153,16.25,6.049734769404512
171,171,32,"['Rgs2' 'Ptpn7' 'Tcf3' 'Cd164' 'Ccl9' 'Mien1' 'Mycn' 'Taf1b' 'Eipr1'
 'Srsf5' 'Akr1e1' 'Hist1h2bc' 'Riok1' 'Ninj1' 'Ints9' 'Lcp1' 'Puf60'
 'Cox17' 'Akap8' 'Tcf19' '1110034G24Rik' 'Gm9774' 'Pole3' 'Ndufs5'
 'Arid1a' 'Wdr1' 'Cnot4' 'Cdv3' 'Qtrt1' 'CAAA01118383.1' 'Haus7' 'Uba1']",9.10562753634375,14.182291666666666,4.978872814921913
172,172,53,"['Rnf25' 'Hmga2' 'Tysnd1' 'Atpaf2' 'Tmem11' 'Rangrf' 'Cenpx' 'Cnot8'
 'Slc9a3r1' 'Sptssa' 'Sypl' 'Fcf1' 'Spcs1' 'Adk' 'Atf4' 'Jpt2' 'Mzb1'
 'Eif1a' 'Ndufb8' 'Sf1' 'Rcl1' 'March5' 'Ssna1' 'Sh3glb2' 'Eif3j1' 'Tars2'
 'Ilf2' 'Vps72' 'Gng5' 'Ndufb6' 'Nasp' 'Lypla2' 'Coa7' 'Med8' 'Nadk'
 'Mlec' 'Ung' 'Hnrnpf' 'Snrpa' 'Psmd8' 'Maz' 'Rpl18' 'Tm6sf1' 'Asna1'
 'Got2' 'Trappc5' 'Rpl13' 'Srprb' 'Anapc13' 'Rbmx2' 'Atp6ap1' 'Dkc1'
 'Brcc3']",17.277795375113207,16.729166666666664,5.670651112649617
173,173,53,"['Snhg6' 'Ccdc115' 'Mgst3' 'Nudt4' 'Prorsd1' 'Senp3' 'Tbc1d10a' 'Nipsnap1'
 'Rnaseh1' 'Immp2l' '2700049A03Rik' '4833439L19Rik' 'Pcbd2' 'Mettl3'
 'Epsti1' 'Bora' 'Tmem191c' 'Gcsam' 'H2-T23' 'Sh3gl1' 'Haao' 'Ddah2'
 'Aars2' 'Rbm22' 'Zfp91' 'Ak3' 'Dnajc17' 'Oser1' 'Rgs19' 'Pank2'
 'C920021L13Rik' 'Rsbn1' 'Fam92a' 'Oas1a' 'Mapre3' 'Cad' 'Ccng2' 'Gm45051'
 'Wbp1' 'Lrmp' 'Apoc1' 'Lin37' 'Lsm14a' 'Ntf5' 'Prcp' 'Atp6v1b2' 'Borcs8'
 'Prkaca' 'Adgrg3' 'Rbm7' 'Irak1bp1' 'Nsdhl' 'Msn']",4.461655787264151,18.668859649122805,6.174407329587281
174,174,66,"['Ppox' 'Arid5a' 'Casp8' 'Klhl30' 'Cenpw' 'Ncln' 'Mat2b' 'Kat2a' 'Dcakd'
 'Mrpl22' 'Cpsf3' 'Mplkip' 'Top2b' 'Sap18' 'Aaas' 'Dscr3' 'Arvcf' 'Golgb1'
 'Smim11' 'Hcfc1r1' 'Treml2' 'Aldh7a1' 'Rcor2' 'Agpat2' 'Ola1' 'Ndufaf1'
 'Itpripl1' 'Psmf1' 'Cdca7' 'Mtg2' 'Exosc9' '4930579G24Rik' 'Mcl1'
 'Gm11808' 'Tox' 'Dpy19l4' 'Vcp' 'Ttc4' 'Tgs1' 'Ahdc1' 'Eif4h' 'Atp5j2'
 'Rpl6' 'Chst12' 'Tm7sf3' 'Immt' 'Haus5' 'Rpl13a' 'Tsg101' 'Spns1' 'Smg9'
 'Ndufc2' 'Vdac3' 'Rpl18a' 'Zfp330' 'Chtf8' 'Vps9d1' 'Prdx2' 'Nutf2'
 'Timm29' 'Edc3' 'Spg21' 'Araf' 'Ssr4' 'Pin4' 'Bex4']",11.756693741530302,16.123456790123456,7.454557312303417
175,175,34,"['Psmd1' 'Ado' '1500009L16Rik' 'Rps6kb1' 'Ap1b1' 'Pnpt1' 'Plscr3' 'P2rx1'
 'Crip2' 'Ccnb1' 'B4galt7' 'Gnl3' 'Psmb5' 'Pinx1' 'Elf1' 'Pphln1' 'Eif4b'
 'Cep19' 'Brd2' 'Zfp36l2' 'Mea1' 'Gm6741' 'Smad2' 'Macrod1' 'Galt' 'Ndc1'
 'Mrps17' 'Cnpy4' 'Ybx3' 'Sae1' 'Lipt2' 'Golga7' 'Sf3b3' 'Rtl8a']",5.427347701794118,16.10752688172043,5.816730083560182
176,176,28,"['Mcm6' 'Terf1' 'Angel2' 'Cnot6' 'Nup88' 'Dnajc7' 'Slc38a10' 'Cenpp'
 'Ly6d' 'Gsk3b' 'Luc7l' 'Scd2' 'Fam110a' 'Ckap5' 'Supt20' 'Med18' 'Melk'
 'Yars' 'Gnb1' 'Scarb1' 'Gtf2i' 'Mrps25' 'Tsen2' 'Sephs2' 'Bcl7c' 'Cog2'
 'Ctnnb1' 'Siah1b']",4.839090798571428,12.784722222222221,4.683066206902126
